Source,destination,relationship
ASN42,ASN1267,0
ASN42,ASN1273,0
ASN42,ASN3257,0
ASN42,ASN12637,0
ASN112,ASN12637,0
ASN137,ASN1267,0
ASN137,ASN12637,0
ASN174,ASN1273,0
ASN174,ASN3257,0
ASN174,ASN12637,-1
ASN209,ASN1273,0
ASN209,ASN3257,0
ASN237,ASN3257,0
ASN251,ASN1267,0
ASN251,ASN1273,0
ASN251,ASN12637,0
ASN260,ASN1267,0
ASN260,ASN12637,0
ASN286,ASN1273,0
ASN286,ASN3257,0
ASN293,ASN1273,0
ASN293,ASN3257,0
ASN297,ASN1273,0
ASN553,ASN1267,0
ASN559,ASN1267,0
ASN577,ASN1273,0
ASN701,ASN3257,0
ASN702,ASN1267,0
ASN702,ASN1273,0
ASN702,ASN3257,0
ASN714,ASN1267,0
ASN714,ASN12637,0
ASN812,ASN1273,0
ASN855,ASN1267,0
ASN1103,ASN1267,0
ASN1103,ASN12637,0
ASN1126,ASN1267,0
ASN1126,ASN12637,0
ASN1140,ASN12637,0
ASN1239,ASN1273,0
ASN1239,ASN3257,0
ASN1241,ASN1267,0
ASN1241,ASN12637,0
ASN1248,ASN1267,0
ASN1257,ASN1273,0
ASN1257,ASN3257,0
ASN1267,ASN1290,0
ASN1267,ASN1547,0
ASN1267,ASN1680,0
ASN1267,ASN1764,0
ASN1267,ASN1828,0
ASN1267,ASN2110,0
ASN1267,ASN2119,0
ASN1267,ASN2484,0
ASN1267,ASN2529,0
ASN1267,ASN2597,0
ASN1267,ASN2603,0
ASN1267,ASN2611,0
ASN1267,ASN2613,0
ASN1267,ASN2635,0
ASN1267,ASN2686,0
ASN1267,ASN2818,0
ASN1267,ASN2854,0
ASN1267,ASN2856,0
ASN1267,ASN2857,0
ASN1267,ASN2906,0
ASN1267,ASN3209,0
ASN1267,ASN3213,0
ASN1267,ASN3216,0
ASN1267,ASN3223,0
ASN1267,ASN3225,0
ASN1267,ASN3242,-1
ASN1267,ASN3252,0
ASN1267,ASN3255,0
ASN1267,ASN3262,0
ASN1267,ASN3265,0
ASN1267,ASN3267,0
ASN1267,ASN3269,0
ASN1267,ASN3302,0
ASN1267,ASN3303,0
ASN1267,ASN3327,0
ASN1267,ASN3333,0
ASN1267,ASN3741,0
ASN1267,ASN3856,0
ASN1267,ASN4004,0
ASN1267,ASN4589,0
ASN1267,ASN4637,0
ASN1267,ASN4651,0
ASN1267,ASN4761,0
ASN1267,ASN4788,0
ASN1267,ASN4800,0
ASN1267,ASN5089,0
ASN1267,ASN5390,0
ASN1267,ASN5391,0
ASN1267,ASN5392,0
ASN1267,ASN5394,0
ASN1267,ASN5396,0
ASN1267,ASN5409,0
ASN1267,ASN5410,0
ASN1267,ASN5413,0
ASN1267,ASN5466,0
ASN1267,ASN5483,0
ASN1267,ASN5500,0
ASN1267,ASN5503,0
ASN1267,ASN5524,0
ASN1267,ASN5539,0
ASN1267,ASN5552,0
ASN1267,ASN5563,0
ASN1267,ASN5564,0
ASN1267,ASN5568,0
ASN1267,ASN5578,0
ASN1267,ASN5580,0
ASN1267,ASN5583,0
ASN1267,ASN5588,0
ASN1267,ASN5602,0
ASN1267,ASN5605,0
ASN1267,ASN5631,0
ASN1267,ASN5713,0
ASN1267,ASN6507,0
ASN1267,ASN6619,0
ASN1267,ASN6643,0
ASN1267,ASN6648,0
ASN1267,ASN6661,0
ASN1267,ASN6663,0
ASN1267,ASN6665,-1
ASN1267,ASN6667,0
ASN1267,ASN6677,0
ASN1267,ASN6682,0
ASN1267,ASN6717,0
ASN1267,ASN6724,0
ASN1267,ASN6730,0
ASN1267,ASN6735,0
ASN1267,ASN6774,0
ASN1267,ASN6775,0
ASN1267,ASN6805,0
ASN1267,ASN6830,0
ASN1267,ASN6834,0
ASN1267,ASN6866,0
ASN1267,ASN6871,0
ASN1267,ASN6882,-1
ASN1267,ASN6894,0
ASN1267,ASN6908,0
ASN1267,ASN6910,0
ASN1267,ASN6939,0
ASN1267,ASN7160,0
ASN1267,ASN7342,0
ASN1267,ASN7642,0
ASN1267,ASN7713,0
ASN1267,ASN8001,0
ASN1267,ASN8075,0
ASN1267,ASN8218,0
ASN1267,ASN8220,0
ASN1267,ASN8224,0
ASN1267,ASN8234,0
ASN1267,ASN8251,0
ASN1267,ASN8262,0
ASN1267,ASN8282,0
ASN1267,ASN8301,0
ASN1267,ASN8302,0
ASN1267,ASN8304,0
ASN1267,ASN8308,0
ASN1267,ASN8309,0
ASN1267,ASN8339,0
ASN1267,ASN8359,0
ASN1267,ASN8365,0
ASN1267,ASN8368,0
ASN1267,ASN8374,0
ASN1267,ASN8391,0
ASN1267,ASN8400,0
ASN1267,ASN8403,0
ASN1267,ASN8422,0
ASN1267,ASN8426,0
ASN1267,ASN8442,0
ASN1267,ASN8447,0
ASN1267,ASN8452,0
ASN1267,ASN8455,0
ASN1267,ASN8462,0
ASN1267,ASN8468,0
ASN1267,ASN8469,0
ASN1267,ASN8473,0
ASN1267,ASN8487,0
ASN1267,ASN8492,0
ASN1267,ASN8513,0
ASN1267,ASN8529,0
ASN1267,ASN8530,0
ASN1267,ASN8544,0
ASN1267,ASN8551,0
ASN1267,ASN8560,0
ASN1267,ASN8591,0
ASN1267,ASN8596,0
ASN1267,ASN8607,0
ASN1267,ASN8608,0
ASN1267,ASN8612,0
ASN1267,ASN8632,0
ASN1267,ASN8657,0
ASN1267,ASN8676,0
ASN1267,ASN8681,0
ASN1267,ASN8708,0
ASN1267,ASN8717,0
ASN1267,ASN8732,0
ASN1267,ASN8741,0
ASN1267,ASN8763,0
ASN1267,ASN8764,0
ASN1267,ASN8767,0
ASN1267,ASN8781,0
ASN1267,ASN8789,0
ASN1267,ASN8804,0
ASN1267,ASN8816,0
ASN1267,ASN8839,0
ASN1267,ASN8851,0
ASN1267,ASN8859,0
ASN1267,ASN8866,0
ASN1267,ASN8879,0
ASN1267,ASN8881,0
ASN1267,ASN8897,0
ASN1267,ASN8902,0
ASN1267,ASN8922,0
ASN1267,ASN8926,0
ASN1267,ASN8932,0
ASN1267,ASN8950,0
ASN1267,ASN8966,0
ASN1267,ASN8968,0
ASN1267,ASN8978,0
ASN1267,ASN9002,0
ASN1267,ASN9009,0
ASN1267,ASN9022,0
ASN1267,ASN9026,0
ASN1267,ASN9029,0
ASN1267,ASN9036,0
ASN1267,ASN9044,0
ASN1267,ASN9050,0
ASN1267,ASN9063,0
ASN1267,ASN9115,0
ASN1267,ASN9116,0
ASN1267,ASN9119,0
ASN1267,ASN9121,0
ASN1267,ASN9137,0
ASN1267,ASN9140,0
ASN1267,ASN9145,0
ASN1267,ASN9153,0
ASN1267,ASN9189,0
ASN1267,ASN9197,0
ASN1267,ASN9304,0
ASN1267,ASN9318,0
ASN1267,ASN9329,0
ASN1267,ASN9498,0
ASN1267,ASN9505,0
ASN1267,ASN9583,0
ASN1267,ASN10026,0
ASN1267,ASN10158,0
ASN1267,ASN10282,0
ASN1267,ASN10310,0
ASN1267,ASN10474,0
ASN1267,ASN11845,0
ASN1267,ASN12041,0
ASN1267,ASN12189,0
ASN1267,ASN12200,0
ASN1267,ASN12301,0
ASN1267,ASN12306,0
ASN1267,ASN12310,0
ASN1267,ASN12312,0
ASN1267,ASN12316,0
ASN1267,ASN12322,0
ASN1267,ASN12327,0
ASN1267,ASN12329,0
ASN1267,ASN12337,0
ASN1267,ASN12348,0
ASN1267,ASN12350,0
ASN1267,ASN12355,0
ASN1267,ASN12360,0
ASN1267,ASN12389,0
ASN1267,ASN12399,0
ASN1267,ASN12414,0
ASN1267,ASN12470,0
ASN1267,ASN12480,0
ASN1267,ASN12498,-1
ASN1267,ASN12510,0
ASN1267,ASN12551,-1
ASN1267,ASN12552,0
ASN1267,ASN12565,0
ASN1267,ASN12576,0
ASN1267,ASN12578,0
ASN1267,ASN12611,0
ASN1267,ASN12637,0
ASN1267,ASN12638,0
ASN1267,ASN12650,0
ASN1267,ASN12658,0
ASN1267,ASN12676,0
ASN1267,ASN12678,0
ASN1267,ASN12684,0
ASN1267,ASN12693,0
ASN1267,ASN12695,0
ASN1267,ASN12703,0
ASN1267,ASN12709,-1
ASN1267,ASN12713,0
ASN1267,ASN12714,0
ASN1267,ASN12715,0
ASN1267,ASN12731,0
ASN1267,ASN12759,0
ASN1267,ASN12779,0
ASN1267,ASN12808,0
ASN1267,ASN12843,0
ASN1267,ASN12849,0
ASN1267,ASN12850,0
ASN1267,ASN12859,0
ASN1267,ASN12871,0
ASN1267,ASN12874,0
ASN1267,ASN12876,0
ASN1267,ASN12883,0
ASN1267,ASN12897,0
ASN1267,ASN12902,0
ASN1267,ASN12922,-1
ASN1267,ASN12941,0
ASN1267,ASN12969,0
ASN1267,ASN12989,0
ASN1267,ASN12993,0
ASN1267,ASN13000,0
ASN1267,ASN13005,0
ASN1267,ASN13009,0
ASN1267,ASN13030,0
ASN1267,ASN13037,0
ASN1267,ASN13054,0
ASN1267,ASN13101,0
ASN1267,ASN13122,0
ASN1267,ASN13124,0
ASN1267,ASN13127,0
ASN1267,ASN13132,0
ASN1267,ASN13157,0
ASN1267,ASN13180,-1
ASN1267,ASN13193,0
ASN1267,ASN13194,0
ASN1267,ASN13208,0
ASN1267,ASN13213,0
ASN1267,ASN13237,0
ASN1267,ASN13238,0
ASN1267,ASN13249,0
ASN1267,ASN13284,0
ASN1267,ASN13285,0
ASN1267,ASN13335,0
ASN1267,ASN13414,0
ASN1267,ASN13445,0
ASN1267,ASN13768,0
ASN1267,ASN14413,0
ASN1267,ASN14537,0
ASN1267,ASN14610,0
ASN1267,ASN15133,0
ASN1267,ASN15169,0
ASN1267,ASN15360,-1
ASN1267,ASN15366,0
ASN1267,ASN15399,0
ASN1267,ASN15433,0
ASN1267,ASN15435,0
ASN1267,ASN15516,0
ASN1267,ASN15533,0
ASN1267,ASN15542,0
ASN1267,ASN15557,0
ASN1267,ASN15589,0
ASN1267,ASN15598,0
ASN1267,ASN15600,0
ASN1267,ASN15605,-1
ASN1267,ASN15663,-1
ASN1267,ASN15668,-1
ASN1267,ASN15672,0
ASN1267,ASN15691,-1
ASN1267,ASN15692,0
ASN1267,ASN15695,0
ASN1267,ASN15704,0
ASN1267,ASN15720,0
ASN1267,ASN15743,0
ASN1267,ASN15746,-1
ASN1267,ASN15766,0
ASN1267,ASN15772,0
ASN1267,ASN15773,0
ASN1267,ASN15802,0
ASN1267,ASN15830,0
ASN1267,ASN15839,0
ASN1267,ASN15895,0
ASN1267,ASN15925,0
ASN1267,ASN15933,0
ASN1267,ASN15943,0
ASN1267,ASN15958,0
ASN1267,ASN15960,0
ASN1267,ASN15965,0
ASN1267,ASN16004,0
ASN1267,ASN16027,-1
ASN1267,ASN16073,0
ASN1267,ASN16076,-1
ASN1267,ASN16080,0
ASN1267,ASN16082,0
ASN1267,ASN16097,0
ASN1267,ASN16161,-1
ASN1267,ASN16164,0
ASN1267,ASN16178,0
ASN1267,ASN16210,0
ASN1267,ASN16211,0
ASN1267,ASN16243,0
ASN1267,ASN16265,0
ASN1267,ASN16276,0
ASN1267,ASN16303,0
ASN1267,ASN16347,0
ASN1267,ASN16353,0
ASN1267,ASN16509,0
ASN1267,ASN16637,0
ASN1267,ASN17088,0
ASN1267,ASN17451,0
ASN1267,ASN17557,0
ASN1267,ASN17660,0
ASN1267,ASN17978,0
ASN1267,ASN18106,0
ASN1267,ASN18403,0
ASN1267,ASN18705,0
ASN1267,ASN19551,0
ASN1267,ASN19679,0
ASN1267,ASN20080,0
ASN1267,ASN20459,0
ASN1267,ASN20473,0
ASN1267,ASN20485,0
ASN1267,ASN20495,0
ASN1267,ASN20504,0
ASN1267,ASN20522,-1
ASN1267,ASN20562,0
ASN1267,ASN20577,0
ASN1267,ASN20604,-1
ASN1267,ASN20621,0
ASN1267,ASN20633,0
ASN1267,ASN20634,0
ASN1267,ASN20640,0
ASN1267,ASN20647,0
ASN1267,ASN20672,0
ASN1267,ASN20676,0
ASN1267,ASN20681,0
ASN1267,ASN20686,0
ASN1267,ASN20697,-1
ASN1267,ASN20712,0
ASN1267,ASN20745,-1
ASN1267,ASN20764,0
ASN1267,ASN20771,0
ASN1267,ASN20773,0
ASN1267,ASN20783,0
ASN1267,ASN20794,0
ASN1267,ASN20804,0
ASN1267,ASN20811,0
ASN1267,ASN20836,0
ASN1267,ASN20847,0
ASN1267,ASN20853,0
ASN1267,ASN20886,0
ASN1267,ASN20912,-1
ASN1267,ASN20924,0
ASN1267,ASN20932,0
ASN1267,ASN20940,0
ASN1267,ASN20952,0
ASN1267,ASN20953,0
ASN1267,ASN20969,0
ASN1267,ASN21011,0
ASN1267,ASN21013,0
ASN1267,ASN21014,-1
ASN1267,ASN21021,0
ASN1267,ASN21056,0
ASN1267,ASN21058,-1
ASN1267,ASN21086,-1
ASN1267,ASN21099,0
ASN1267,ASN21101,0
ASN1267,ASN21176,-1
ASN1267,ASN21199,-1
ASN1267,ASN21219,0
ASN1267,ASN21221,0
ASN1267,ASN21263,0
ASN1267,ASN21267,0
ASN1267,ASN21309,0
ASN1267,ASN21333,-1
ASN1267,ASN21336,0
ASN1267,ASN21345,0
ASN1267,ASN21385,0
ASN1267,ASN21396,0
ASN1267,ASN21413,0
ASN1267,ASN21451,-1
ASN1267,ASN21473,0
ASN1267,ASN21478,0
ASN1267,ASN21488,0
ASN1267,ASN21859,0
ASN1267,ASN22071,0
ASN1267,ASN22355,0
ASN1267,ASN22363,0
ASN1267,ASN22822,0
ASN1267,ASN23148,0
ASN1267,ASN23197,0
ASN1267,ASN23393,0
ASN1267,ASN23576,0
ASN1267,ASN23947,0
ASN1267,ASN24167,0
ASN1267,ASN24218,0
ASN1267,ASN24482,0
ASN1267,ASN24594,0
ASN1267,ASN24608,0
ASN1267,ASN24637,0
ASN1267,ASN24642,0
ASN1267,ASN24679,0
ASN1267,ASN24724,0
ASN1267,ASN24780,-1
ASN1267,ASN24805,-1
ASN1267,ASN24867,0
ASN1267,ASN24875,0
ASN1267,ASN24880,0
ASN1267,ASN24904,0
ASN1267,ASN24910,0
ASN1267,ASN24916,0
ASN1267,ASN24931,0
ASN1267,ASN24940,0
ASN1267,ASN24961,0
ASN1267,ASN24989,0
ASN1267,ASN24994,-1
ASN1267,ASN25002,-1
ASN1267,ASN25061,0
ASN1267,ASN25074,0
ASN1267,ASN25081,0
ASN1267,ASN25091,0
ASN1267,ASN25148,0
ASN1267,ASN25151,0
ASN1267,ASN25160,0
ASN1267,ASN25178,0
ASN1267,ASN25220,0
ASN1267,ASN25279,0
ASN1267,ASN25291,0
ASN1267,ASN25309,0
ASN1267,ASN25358,0
ASN1267,ASN25369,0
ASN1267,ASN25394,0
ASN1267,ASN25459,0
ASN1267,ASN25542,0
ASN1267,ASN25560,0
ASN1267,ASN25562,0
ASN1267,ASN25577,0
ASN1267,ASN25596,0
ASN1267,ASN25818,0
ASN1267,ASN26415,0
ASN1267,ASN26496,0
ASN1267,ASN26667,0
ASN1267,ASN27313,0
ASN1267,ASN27822,0
ASN1267,ASN28283,0
ASN1267,ASN28716,0
ASN1267,ASN28717,0
ASN1267,ASN28767,-1
ASN1267,ASN28768,0
ASN1267,ASN28788,0
ASN1267,ASN28836,0
ASN1267,ASN28846,0
ASN1267,ASN28876,0
ASN1267,ASN28917,0
ASN1267,ASN28929,0
ASN1267,ASN28977,-1
ASN1267,ASN29006,0
ASN1267,ASN29009,0
ASN1267,ASN29014,0
ASN1267,ASN29017,0
ASN1267,ASN29033,0
ASN1267,ASN29036,-1
ASN1267,ASN29037,0
ASN1267,ASN29049,0
ASN1267,ASN29050,-1
ASN1267,ASN29066,0
ASN1267,ASN29073,0
ASN1267,ASN29075,0
ASN1267,ASN29076,0
ASN1267,ASN29082,-1
ASN1267,ASN29094,-1
ASN1267,ASN29119,0
ASN1267,ASN29131,0
ASN1267,ASN29140,0
ASN1267,ASN29141,0
ASN1267,ASN29169,0
ASN1267,ASN29208,0
ASN1267,ASN29226,0
ASN1267,ASN29263,0
ASN1267,ASN29278,0
ASN1267,ASN29314,0
ASN1267,ASN29396,0
ASN1267,ASN29404,0
ASN1267,ASN29405,0
ASN1267,ASN29438,-1
ASN1267,ASN29449,0
ASN1267,ASN29467,0
ASN1267,ASN29545,0
ASN1267,ASN29550,0
ASN1267,ASN29606,0
ASN1267,ASN29611,0
ASN1267,ASN29632,0
ASN1267,ASN29636,0
ASN1267,ASN29668,0
ASN1267,ASN29686,0
ASN1267,ASN29697,0
ASN1267,ASN29791,0
ASN1267,ASN29834,0
ASN1267,ASN30081,0
ASN1267,ASN30094,0
ASN1267,ASN30132,0
ASN1267,ASN30419,0
ASN1267,ASN30740,0
ASN1267,ASN30781,0
ASN1267,ASN30818,0
ASN1267,ASN30827,0
ASN1267,ASN30844,0
ASN1267,ASN30848,0
ASN1267,ASN30889,0
ASN1267,ASN30914,0
ASN1267,ASN30925,0
ASN1267,ASN30975,0
ASN1267,ASN31019,0
ASN1267,ASN31025,0
ASN1267,ASN31027,0
ASN1267,ASN31029,0
ASN1267,ASN31034,-1
ASN1267,ASN31042,0
ASN1267,ASN31059,0
ASN1267,ASN31067,-1
ASN1267,ASN31078,0
ASN1267,ASN31084,0
ASN1267,ASN31086,-1
ASN1267,ASN31103,0
ASN1267,ASN31121,0
ASN1267,ASN31122,0
ASN1267,ASN31133,0
ASN1267,ASN31144,-1
ASN1267,ASN31214,0
ASN1267,ASN31216,0
ASN1267,ASN31242,0
ASN1267,ASN31252,0
ASN1267,ASN31287,0
ASN1267,ASN31319,0
ASN1267,ASN31334,0
ASN1267,ASN31400,0
ASN1267,ASN31449,0
ASN1267,ASN31474,0
ASN1267,ASN31477,0
ASN1267,ASN31499,0
ASN1267,ASN31500,0
ASN1267,ASN31510,0
ASN1267,ASN31529,0
ASN1267,ASN31611,0
ASN1267,ASN31638,0
ASN1267,ASN31655,0
ASN1267,ASN31672,0
ASN1267,ASN31673,0
ASN1267,ASN31708,0
ASN1267,ASN31727,0
ASN1267,ASN32590,0
ASN1267,ASN32787,0
ASN1267,ASN32934,0
ASN1267,ASN33182,0
ASN1267,ASN33353,0
ASN1267,ASN33763,0
ASN1267,ASN33796,0
ASN1267,ASN33808,0
ASN1267,ASN33843,0
ASN1267,ASN33854,0
ASN1267,ASN33873,0
ASN1267,ASN33874,-1
ASN1267,ASN33891,0
ASN1267,ASN33915,0
ASN1267,ASN33941,0
ASN1267,ASN33964,-1
ASN1267,ASN33986,0
ASN1267,ASN34006,0
ASN1267,ASN34019,0
ASN1267,ASN34066,0
ASN1267,ASN34086,0
ASN1267,ASN34119,0
ASN1267,ASN34177,0
ASN1267,ASN34224,0
ASN1267,ASN34245,0
ASN1267,ASN34270,0
ASN1267,ASN34288,0
ASN1267,ASN34305,0
ASN1267,ASN34309,0
ASN1267,ASN34347,0
ASN1267,ASN34407,0
ASN1267,ASN34442,0
ASN1267,ASN34555,0
ASN1267,ASN34569,0
ASN1267,ASN34606,0
ASN1267,ASN34613,-1
ASN1267,ASN34624,0
ASN1267,ASN34655,0
ASN1267,ASN34695,0
ASN1267,ASN34762,0
ASN1267,ASN34781,0
ASN1267,ASN34788,0
ASN1267,ASN34790,0
ASN1267,ASN34803,0
ASN1267,ASN34867,0
ASN1267,ASN34868,0
ASN1267,ASN34928,0
ASN1267,ASN34934,0
ASN1267,ASN34953,0
ASN1267,ASN34968,0
ASN1267,ASN35146,-1
ASN1267,ASN35156,0
ASN1267,ASN35180,0
ASN1267,ASN35205,0
ASN1267,ASN35258,0
ASN1267,ASN35297,0
ASN1267,ASN35320,0
ASN1267,ASN35366,0
ASN1267,ASN35432,0
ASN1267,ASN35574,0
ASN1267,ASN35575,0
ASN1267,ASN35592,0
ASN1267,ASN35662,0
ASN1267,ASN35676,0
ASN1267,ASN35699,0
ASN1267,ASN35745,0
ASN1267,ASN35805,0
ASN1267,ASN35834,0
ASN1267,ASN36040,0
ASN1267,ASN36089,0
ASN1267,ASN36236,0
ASN1267,ASN36351,0
ASN1267,ASN36408,0
ASN1267,ASN36692,0
ASN1267,ASN36916,0
ASN1267,ASN36944,0
ASN1267,ASN36994,0
ASN1267,ASN37054,0
ASN1267,ASN37100,0
ASN1267,ASN37122,0
ASN1267,ASN37179,0
ASN1267,ASN37273,0
ASN1267,ASN37282,0
ASN1267,ASN37353,0
ASN1267,ASN37468,0
ASN1267,ASN37497,0
ASN1267,ASN37564,0
ASN1267,ASN37662,0
ASN1267,ASN37678,0
ASN1267,ASN38016,0
ASN1267,ASN38082,0
ASN1267,ASN38182,0
ASN1267,ASN39063,0
ASN1267,ASN39090,0
ASN1267,ASN39120,0
ASN1267,ASN39122,0
ASN1267,ASN39179,0
ASN1267,ASN39180,0
ASN1267,ASN39202,0
ASN1267,ASN39250,-1
ASN1267,ASN39257,0
ASN1267,ASN39279,0
ASN1267,ASN39309,0
ASN1267,ASN39318,0
ASN1267,ASN39326,0
ASN1267,ASN39356,0
ASN1267,ASN39386,0
ASN1267,ASN39405,0
ASN1267,ASN39439,0
ASN1267,ASN39537,0
ASN1267,ASN39591,0
ASN1267,ASN39636,0
ASN1267,ASN39637,0
ASN1267,ASN39647,0
ASN1267,ASN39651,0
ASN1267,ASN39702,0
ASN1267,ASN39704,0
ASN1267,ASN39719,-1
ASN1267,ASN39737,0
ASN1267,ASN39759,-1
ASN1267,ASN39832,0
ASN1267,ASN39905,0
ASN1267,ASN39912,0
ASN1267,ASN39923,0
ASN1267,ASN39995,0
ASN1267,ASN40596,0
ASN1267,ASN40627,0
ASN1267,ASN40992,0
ASN1267,ASN41000,0
ASN1267,ASN41059,0
ASN1267,ASN41094,-1
ASN1267,ASN41095,0
ASN1267,ASN41230,0
ASN1267,ASN41289,0
ASN1267,ASN41313,0
ASN1267,ASN41364,0
ASN1267,ASN41370,0
ASN1267,ASN41393,0
ASN1267,ASN41405,0
ASN1267,ASN41412,0
ASN1267,ASN41497,0
ASN1267,ASN41552,0
ASN1267,ASN41690,0
ASN1267,ASN41692,0
ASN1267,ASN41695,0
ASN1267,ASN41734,-1
ASN1267,ASN41811,0
ASN1267,ASN41836,-1
ASN1267,ASN41847,0
ASN1267,ASN41887,0
ASN1267,ASN41913,0
ASN1267,ASN42004,0
ASN1267,ASN42152,0
ASN1267,ASN42184,0
ASN1267,ASN42344,0
ASN1267,ASN42353,0
ASN1267,ASN42369,0
ASN1267,ASN42385,0
ASN1267,ASN42416,0
ASN1267,ASN42455,0
ASN1267,ASN42456,0
ASN1267,ASN42459,0
ASN1267,ASN42473,0
ASN1267,ASN42541,0
ASN1267,ASN42605,0
ASN1267,ASN42652,0
ASN1267,ASN42689,0
ASN1267,ASN42708,0
ASN1267,ASN42831,0
ASN1267,ASN42927,0
ASN1267,ASN42965,0
ASN1267,ASN42973,0
ASN1267,ASN43142,0
ASN1267,ASN43185,0
ASN1267,ASN43293,0
ASN1267,ASN43323,0
ASN1267,ASN43341,0
ASN1267,ASN43350,0
ASN1267,ASN43364,-1
ASN1267,ASN43376,0
ASN1267,ASN43407,0
ASN1267,ASN43460,0
ASN1267,ASN43531,0
ASN1267,ASN43541,0
ASN1267,ASN43646,0
ASN1267,ASN43727,0
ASN1267,ASN43821,0
ASN1267,ASN43923,0
ASN1267,ASN43942,0
ASN1267,ASN43996,0
ASN1267,ASN44034,0
ASN1267,ASN44050,0
ASN1267,ASN44066,0
ASN1267,ASN44092,0
ASN1267,ASN44141,0
ASN1267,ASN44160,0
ASN1267,ASN44169,0
ASN1267,ASN44217,0
ASN1267,ASN44356,0
ASN1267,ASN44444,0
ASN1267,ASN44513,0
ASN1267,ASN44611,0
ASN1267,ASN44646,0
ASN1267,ASN44654,0
ASN1267,ASN44684,0
ASN1267,ASN44701,-1
ASN1267,ASN44735,0
ASN1267,ASN44747,-1
ASN1267,ASN44767,-1
ASN1267,ASN44788,0
ASN1267,ASN44814,0
ASN1267,ASN44824,0
ASN1267,ASN44943,0
ASN1267,ASN44965,0
ASN1267,ASN44981,0
ASN1267,ASN45014,0
ASN1267,ASN45177,0
ASN1267,ASN45204,0
ASN1267,ASN45474,0
ASN1267,ASN45758,0
ASN1267,ASN46235,0
ASN1267,ASN46489,0
ASN1267,ASN46786,0
ASN1267,ASN47143,0
ASN1267,ASN47169,0
ASN1267,ASN47178,-1
ASN1267,ASN47195,0
ASN1267,ASN47217,0
ASN1267,ASN47328,0
ASN1267,ASN47329,0
ASN1267,ASN47344,0
ASN1267,ASN47406,0
ASN1267,ASN47447,0
ASN1267,ASN47474,0
ASN1267,ASN47480,0
ASN1267,ASN47541,0
ASN1267,ASN47548,0
ASN1267,ASN47622,0
ASN1267,ASN47692,0
ASN1267,ASN47735,-1
ASN1267,ASN47764,0
ASN1267,ASN47820,0
ASN1267,ASN47858,0
ASN1267,ASN47869,0
ASN1267,ASN47872,0
ASN1267,ASN47927,0
ASN1267,ASN47998,0
ASN1267,ASN48072,0
ASN1267,ASN48077,0
ASN1267,ASN48101,0
ASN1267,ASN48135,-1
ASN1267,ASN48140,0
ASN1267,ASN48166,0
ASN1267,ASN48173,0
ASN1267,ASN48200,0
ASN1267,ASN48293,0
ASN1267,ASN48362,0
ASN1267,ASN48463,0
ASN1267,ASN48519,0
ASN1267,ASN48526,0
ASN1267,ASN48634,0
ASN1267,ASN48961,0
ASN1267,ASN49024,0
ASN1267,ASN49102,0
ASN1267,ASN49136,0
ASN1267,ASN49215,-1
ASN1267,ASN49285,0
ASN1267,ASN49289,0
ASN1267,ASN49360,0
ASN1267,ASN49367,0
ASN1267,ASN49373,0
ASN1267,ASN49375,0
ASN1267,ASN49415,0
ASN1267,ASN49524,0
ASN1267,ASN49544,0
ASN1267,ASN49572,0
ASN1267,ASN49597,0
ASN1267,ASN49605,0
ASN1267,ASN49669,0
ASN1267,ASN49678,0
ASN1267,ASN49685,0
ASN1267,ASN49733,-1
ASN1267,ASN49854,0
ASN1267,ASN49923,0
ASN1267,ASN49976,-1
ASN1267,ASN49981,0
ASN1267,ASN50010,0
ASN1267,ASN50056,0
ASN1267,ASN50112,0
ASN1267,ASN50245,0
ASN1267,ASN50300,0
ASN1267,ASN50304,0
ASN1267,ASN50311,0
ASN1267,ASN50314,0
ASN1267,ASN50316,0
ASN1267,ASN50324,0
ASN1267,ASN50384,0
ASN1267,ASN50468,0
ASN1267,ASN50469,0
ASN1267,ASN50472,0
ASN1267,ASN50606,0
ASN1267,ASN50618,0
ASN1267,ASN50673,0
ASN1267,ASN50763,0
ASN1267,ASN50809,0
ASN1267,ASN50812,0
ASN1267,ASN50837,0
ASN1267,ASN50891,-1
ASN1267,ASN50923,0
ASN1267,ASN51083,0
ASN1267,ASN51139,-1
ASN1267,ASN51159,0
ASN1267,ASN51167,0
ASN1267,ASN51185,0
ASN1267,ASN51205,0
ASN1267,ASN51458,0
ASN1267,ASN51468,0
ASN1267,ASN51531,0
ASN1267,ASN51555,0
ASN1267,ASN51561,0
ASN1267,ASN51752,0
ASN1267,ASN51795,0
ASN1267,ASN51823,0
ASN1267,ASN51852,0
ASN1267,ASN51906,0
ASN1267,ASN51945,0
ASN1267,ASN52030,-1
ASN1267,ASN52041,0
ASN1267,ASN52075,0
ASN1267,ASN52233,0
ASN1267,ASN52320,0
ASN1267,ASN53276,0
ASN1267,ASN53563,0
ASN1267,ASN54219,0
ASN1267,ASN55195,0
ASN1267,ASN55799,0
ASN1267,ASN55819,0
ASN1267,ASN56329,0
ASN1267,ASN56478,0
ASN1267,ASN56583,0
ASN1267,ASN56595,0
ASN1267,ASN56641,-1
ASN1267,ASN56665,0
ASN1267,ASN56704,0
ASN1267,ASN56730,0
ASN1267,ASN56911,0
ASN1267,ASN56990,0
ASN1267,ASN57023,0
ASN1267,ASN57043,0
ASN1267,ASN57068,0
ASN1267,ASN57119,0
ASN1267,ASN57262,0
ASN1267,ASN57315,0
ASN1267,ASN57344,0
ASN1267,ASN57356,0
ASN1267,ASN57463,0
ASN1267,ASN57525,-1
ASN1267,ASN57724,0
ASN1267,ASN57731,0
ASN1267,ASN57866,0
ASN1267,ASN57976,0
ASN1267,ASN58010,0
ASN1267,ASN58073,0
ASN1267,ASN58177,-1
ASN1267,ASN58209,0
ASN1267,ASN58226,0
ASN1267,ASN58243,0
ASN1267,ASN58453,0
ASN1267,ASN58511,0
ASN1267,ASN59318,0
ASN1267,ASN59395,0
ASN1267,ASN59507,0
ASN1267,ASN59605,0
ASN1267,ASN59675,0
ASN1267,ASN59940,0
ASN1267,ASN60049,-1
ASN1267,ASN60157,0
ASN1267,ASN60171,0
ASN1267,ASN60280,0
ASN1267,ASN60294,0
ASN1267,ASN60404,0
ASN1267,ASN60595,0
ASN1267,ASN60610,0
ASN1267,ASN60756,-1
ASN1267,ASN60772,0
ASN1267,ASN60798,0
ASN1267,ASN60822,0
ASN1267,ASN60868,0
ASN1267,ASN61026,0
ASN1267,ASN61049,0
ASN1267,ASN61081,0
ASN1267,ASN61124,0
ASN1267,ASN61180,0
ASN1267,ASN61215,0
ASN1267,ASN61231,0
ASN1267,ASN61244,0
ASN1267,ASN61266,0
ASN1267,ASN61337,0
ASN1267,ASN61394,0
ASN1267,ASN61955,0
ASN1267,ASN62023,0
ASN1267,ASN62041,0
ASN1267,ASN62044,0
ASN1267,ASN62141,0
ASN1267,ASN62217,0
ASN1267,ASN62244,0
ASN1267,ASN62267,0
ASN1267,ASN62325,0
ASN1267,ASN62336,0
ASN1267,ASN62586,0
ASN1267,ASN62713,0
ASN1267,ASN62715,0
ASN1267,ASN63199,0
ASN1267,ASN63399,0
ASN1267,ASN64049,0
ASN1267,ASN132016,0
ASN1267,ASN132591,0
ASN1267,ASN132876,0
ASN1267,ASN133229,0
ASN1267,ASN134145,0
ASN1267,ASN134390,0
ASN1267,ASN196640,0
ASN1267,ASN196752,0
ASN1267,ASN196753,-1
ASN1267,ASN196784,-1
ASN1267,ASN196844,0
ASN1267,ASN196922,0
ASN1267,ASN196956,-1
ASN1267,ASN196983,-1
ASN1267,ASN197036,0
ASN1267,ASN197071,0
ASN1267,ASN197114,0
ASN1267,ASN197264,0
ASN1267,ASN197337,0
ASN1267,ASN197426,0
ASN1267,ASN197440,0
ASN1267,ASN197540,0
ASN1267,ASN197541,0
ASN1267,ASN197595,0
ASN1267,ASN197653,0
ASN1267,ASN197669,0
ASN1267,ASN197685,0
ASN1267,ASN197744,0
ASN1267,ASN197981,0
ASN1267,ASN197985,0
ASN1267,ASN198018,0
ASN1267,ASN198047,0
ASN1267,ASN198126,0
ASN1267,ASN198313,0
ASN1267,ASN198330,0
ASN1267,ASN198335,0
ASN1267,ASN198380,-1
ASN1267,ASN198387,-1
ASN1267,ASN198435,0
ASN1267,ASN198554,0
ASN1267,ASN198719,0
ASN1267,ASN198721,0
ASN1267,ASN198726,0
ASN1267,ASN198736,0
ASN1267,ASN198781,0
ASN1267,ASN198792,0
ASN1267,ASN198831,0
ASN1267,ASN198898,-1
ASN1267,ASN198916,-1
ASN1267,ASN198930,0
ASN1267,ASN199026,-1
ASN1267,ASN199039,-1
ASN1267,ASN199125,0
ASN1267,ASN199204,0
ASN1267,ASN199335,0
ASN1267,ASN199352,-1
ASN1267,ASN199422,0
ASN1267,ASN199487,0
ASN1267,ASN199547,0
ASN1267,ASN199565,0
ASN1267,ASN199568,0
ASN1267,ASN199659,0
ASN1267,ASN199660,0
ASN1267,ASN199790,0
ASN1267,ASN199813,0
ASN1267,ASN199837,0
ASN1267,ASN199841,0
ASN1267,ASN199903,0
ASN1267,ASN199939,0
ASN1267,ASN200020,0
ASN1267,ASN200023,0
ASN1267,ASN200124,0
ASN1267,ASN200130,0
ASN1267,ASN200616,-1
ASN1267,ASN200630,-1
ASN1267,ASN200700,0
ASN1267,ASN200818,-1
ASN1267,ASN200873,-1
ASN1267,ASN201053,0
ASN1267,ASN201229,0
ASN1267,ASN201352,-1
ASN1267,ASN201518,0
ASN1267,ASN201877,0
ASN1267,ASN202017,-1
ASN1267,ASN202018,0
ASN1267,ASN202032,0
ASN1267,ASN202109,0
ASN1267,ASN202112,0
ASN1267,ASN202119,0
ASN1267,ASN202178,0
ASN1267,ASN203507,0
ASN1267,ASN203724,0
ASN1267,ASN203923,0
ASN1267,ASN203959,0
ASN1267,ASN204264,0
ASN1267,ASN327825,0
ASN1273,ASN72,-1
ASN1273,ASN714,-1
ASN1273,ASN1217,-1
ASN1273,ASN1267,-1
ASN1273,ASN1668,0
ASN1273,ASN1766,-1
ASN1273,ASN2129,-1
ASN1273,ASN2200,-1
ASN1273,ASN2497,0
ASN1273,ASN2516,0
ASN1273,ASN2529,-1
ASN1273,ASN2535,-1
ASN1273,ASN2686,0
ASN1273,ASN2906,0
ASN1273,ASN2914,0
ASN1273,ASN3209,-1
ASN1273,ASN3216,-1
ASN1273,ASN3257,0
ASN1273,ASN3292,0
ASN1273,ASN3303,0
ASN1273,ASN3320,0
ASN1273,ASN3333,-1
ASN1273,ASN3549,0
ASN1273,ASN3561,0
ASN1273,ASN4134,0
ASN1273,ASN4181,0
ASN1273,ASN4184,-1
ASN1273,ASN4445,-1
ASN1273,ASN4637,0
ASN1273,ASN4651,-1
ASN1273,ASN4739,0
ASN1273,ASN4766,0
ASN1273,ASN4773,-1
ASN1273,ASN4775,-1
ASN1273,ASN4788,-1
ASN1273,ASN4837,0
ASN1273,ASN4913,-1
ASN1273,ASN5089,-1
ASN1273,ASN5388,-1
ASN1273,ASN5400,0
ASN1273,ASN5413,0
ASN1273,ASN5511,0
ASN1273,ASN5539,-1
ASN1273,ASN5568,-1
ASN1273,ASN5580,0
ASN1273,ASN5769,0
ASN1273,ASN6079,0
ASN1273,ASN6128,0
ASN1273,ASN6327,0
ASN1273,ASN6407,0
ASN1273,ASN6453,0
ASN1273,ASN6461,0
ASN1273,ASN6619,-1
ASN1273,ASN6660,-1
ASN1273,ASN6667,-1
ASN1273,ASN6739,-1
ASN1273,ASN6758,-1
ASN1273,ASN6762,0
ASN1273,ASN6774,-1
ASN1273,ASN6830,0
ASN1273,ASN6900,-1
ASN1273,ASN6939,0
ASN1273,ASN7160,-1
ASN1273,ASN7342,0
ASN1273,ASN7430,-1
ASN1273,ASN7473,0
ASN1273,ASN7552,-1
ASN1273,ASN7575,0
ASN1273,ASN7843,0
ASN1273,ASN7922,0
ASN1273,ASN8001,0
ASN1273,ASN8002,0
ASN1273,ASN8075,0
ASN1273,ASN8218,0
ASN1273,ASN8220,0
ASN1273,ASN8283,0
ASN1273,ASN8301,-1
ASN1273,ASN8302,-1
ASN1273,ASN8401,-1
ASN1273,ASN8402,-1
ASN1273,ASN8435,-1
ASN1273,ASN8473,0
ASN1273,ASN8760,-1
ASN1273,ASN8903,0
ASN1273,ASN8928,0
ASN1273,ASN8966,-1
ASN1273,ASN9002,0
ASN1273,ASN9009,-1
ASN1273,ASN9269,-1
ASN1273,ASN9299,-1
ASN1273,ASN9381,-1
ASN1273,ASN9500,-1
ASN1273,ASN9505,0
ASN1273,ASN9583,-1
ASN1273,ASN9829,-1
ASN1273,ASN9930,-1
ASN1273,ASN10026,0
ASN1273,ASN10099,-1
ASN1273,ASN10103,-1
ASN1273,ASN10310,0
ASN1273,ASN11179,-1
ASN1273,ASN11269,-1
ASN1273,ASN11403,0
ASN1273,ASN11757,-1
ASN1273,ASN11911,0
ASN1273,ASN12007,-1
ASN1273,ASN12124,0
ASN1273,ASN12190,-1
ASN1273,ASN12302,-1
ASN1273,ASN12353,-1
ASN1273,ASN12389,-1
ASN1273,ASN12430,-1
ASN1273,ASN12536,-1
ASN1273,ASN12541,-1
ASN1273,ASN12713,-1
ASN1273,ASN12880,-1
ASN1273,ASN12956,0
ASN1273,ASN12969,-1
ASN1273,ASN12980,-1
ASN1273,ASN12989,0
ASN1273,ASN13076,-1
ASN1273,ASN13285,-1
ASN1273,ASN13684,0
ASN1273,ASN14492,0
ASN1273,ASN14541,-1
ASN1273,ASN14907,0
ASN1273,ASN15133,0
ASN1273,ASN15149,0
ASN1273,ASN15217,-1
ASN1273,ASN15412,0
ASN1273,ASN15502,-1
ASN1273,ASN15557,-1
ASN1273,ASN15612,-1
ASN1273,ASN15766,-1
ASN1273,ASN15769,-1
ASN1273,ASN15772,-1
ASN1273,ASN15835,-1
ASN1273,ASN15865,-1
ASN1273,ASN15917,-1
ASN1273,ASN15924,-1
ASN1273,ASN15957,-1
ASN1273,ASN15961,-1
ASN1273,ASN16019,-1
ASN1273,ASN16353,-1
ASN1273,ASN16477,-1
ASN1273,ASN16509,0
ASN1273,ASN16525,-1
ASN1273,ASN16789,-1
ASN1273,ASN17557,-1
ASN1273,ASN18001,-1
ASN1273,ASN18403,-1
ASN1273,ASN18816,0
ASN1273,ASN19151,0
ASN1273,ASN19318,0
ASN1273,ASN19428,-1
ASN1273,ASN20485,0
ASN1273,ASN20705,-1
ASN1273,ASN20940,-1
ASN1273,ASN20990,-1
ASN1273,ASN21054,-1
ASN1273,ASN21351,-1
ASN1273,ASN21439,-1
ASN1273,ASN21497,-1
ASN1273,ASN21874,-1
ASN1273,ASN21949,0
ASN1273,ASN22717,-1
ASN1273,ASN22773,0
ASN1273,ASN22822,0
ASN1273,ASN23148,0
ASN1273,ASN24203,-1
ASN1273,ASN24507,0
ASN1273,ASN24691,-1
ASN1273,ASN24785,-1
ASN1273,ASN24835,-1
ASN1273,ASN25028,-1
ASN1273,ASN25135,-1
ASN1273,ASN25152,-1
ASN1273,ASN25310,-1
ASN1273,ASN25421,-1
ASN1273,ASN25582,-1
ASN1273,ASN25605,-1
ASN1273,ASN25818,-1
ASN1273,ASN25888,-1
ASN1273,ASN26178,-1
ASN1273,ASN26282,0
ASN1273,ASN27257,0
ASN1273,ASN27495,-1
ASN1273,ASN28695,-1
ASN1273,ASN29033,-1
ASN1273,ASN29049,-1
ASN1273,ASN29054,-1
ASN1273,ASN29283,-1
ASN1273,ASN29571,-1
ASN1273,ASN29614,-1
ASN1273,ASN30132,0
ASN1273,ASN30204,-1
ASN1273,ASN30437,-1
ASN1273,ASN30722,-1
ASN1273,ASN30781,0
ASN1273,ASN30894,-1
ASN1273,ASN31334,-1
ASN1273,ASN31411,-1
ASN1273,ASN31459,0
ASN1273,ASN31500,-1
ASN1273,ASN31641,-1
ASN1273,ASN31733,-1
ASN1273,ASN31855,-1
ASN1273,ASN32590,-1
ASN1273,ASN32787,0
ASN1273,ASN32934,0
ASN1273,ASN33874,-1
ASN1273,ASN33915,-1
ASN1273,ASN33953,-1
ASN1273,ASN34164,-1
ASN1273,ASN34587,-1
ASN1273,ASN34861,-1
ASN1273,ASN34930,-1
ASN1273,ASN35072,-1
ASN1273,ASN35788,0
ASN1273,ASN35974,-1
ASN1273,ASN36351,0
ASN1273,ASN36614,-1
ASN1273,ASN36873,-1
ASN1273,ASN36891,-1
ASN1273,ASN36925,-1
ASN1273,ASN36994,-1
ASN1273,ASN37002,-1
ASN1273,ASN37148,-1
ASN1273,ASN37451,-1
ASN1273,ASN37677,-1
ASN1273,ASN38191,-1
ASN1273,ASN39139,-1
ASN1273,ASN39270,-1
ASN1273,ASN39386,-1
ASN1273,ASN39836,-1
ASN1273,ASN39915,-1
ASN1273,ASN41095,0
ASN1273,ASN41230,-1
ASN1273,ASN41276,-1
ASN1273,ASN41840,-1
ASN1273,ASN41963,-1
ASN1273,ASN42228,-1
ASN1273,ASN42416,-1
ASN1273,ASN42816,-1
ASN1273,ASN43013,-1
ASN1273,ASN43282,-1
ASN1273,ASN43515,-1
ASN1273,ASN43639,-1
ASN1273,ASN43949,-1
ASN1273,ASN44022,-1
ASN1273,ASN44181,-1
ASN1273,ASN44292,-1
ASN1273,ASN44444,0
ASN1273,ASN44891,-1
ASN1273,ASN45629,-1
ASN1273,ASN45758,-1
ASN1273,ASN45899,-1
ASN1273,ASN47541,-1
ASN1273,ASN47563,-1
ASN1273,ASN47580,-1
ASN1273,ASN47720,-1
ASN1273,ASN48003,-1
ASN1273,ASN48083,-1
ASN1273,ASN48159,-1
ASN1273,ASN48660,-1
ASN1273,ASN48728,-1
ASN1273,ASN48945,-1
ASN1273,ASN49229,-1
ASN1273,ASN49635,-1
ASN1273,ASN49694,-1
ASN1273,ASN49758,-1
ASN1273,ASN49846,-1
ASN1273,ASN51318,-1
ASN1273,ASN51489,-1
ASN1273,ASN52019,-1
ASN1273,ASN54219,0
ASN1273,ASN55410,-1
ASN1273,ASN55415,-1
ASN1273,ASN55497,0
ASN1273,ASN55562,0
ASN1273,ASN55644,-1
ASN1273,ASN55759,-1
ASN1273,ASN58623,-1
ASN1273,ASN59253,-1
ASN1273,ASN59799,-1
ASN1273,ASN59809,-1
ASN1273,ASN59930,-1
ASN1273,ASN60110,-1
ASN1273,ASN60185,-1
ASN1273,ASN60333,-1
ASN1273,ASN60760,-1
ASN1273,ASN60962,-1
ASN1273,ASN60969,-1
ASN1273,ASN61054,-1
ASN1273,ASN62041,-1
ASN1273,ASN62262,-1
ASN1273,ASN62715,-1
ASN1273,ASN131267,-1
ASN1273,ASN132132,-1
ASN1273,ASN132451,-1
ASN1273,ASN196646,-1
ASN1273,ASN196839,-1
ASN1273,ASN196933,-1
ASN1273,ASN197000,-1
ASN1273,ASN197085,-1
ASN1273,ASN197338,-1
ASN1273,ASN197613,-1
ASN1273,ASN197669,-1
ASN1273,ASN198276,-1
ASN1273,ASN198313,-1
ASN1273,ASN198472,-1
ASN1273,ASN199027,-1
ASN1273,ASN199055,-1
ASN1273,ASN199291,-1
ASN1273,ASN199477,-1
ASN1273,ASN199516,-1
ASN1273,ASN199555,-1
ASN1273,ASN199713,-1
ASN1273,ASN200107,-1
ASN1273,ASN201358,-1
ASN1273,ASN201528,-1
ASN1273,ASN201529,-1
ASN1273,ASN202148,-1
ASN1273,ASN202219,-1
ASN1273,ASN204236,-1
ASN1273,ASN204260,-1
ASN1273,ASN393223,-1
ASN1299,ASN1267,-1
ASN1299,ASN1273,-1
ASN1299,ASN3257,0
ASN1547,ASN12637,0
ASN1680,ASN12637,0
ASN1764,ASN12637,0
ASN1835,ASN3257,0
ASN2484,ASN12637,0
ASN2497,ASN3257,0
ASN2516,ASN3257,0
ASN2597,ASN12637,0
ASN2611,ASN12637,0
ASN2635,ASN12637,0
ASN2686,ASN3257,0
ASN2828,ASN3257,0
ASN2852,ASN3257,0
ASN2852,ASN12637,0
ASN2854,ASN12637,0
ASN2906,ASN12637,0
ASN2914,ASN3257,0
ASN2914,ASN12637,-1
ASN3225,ASN12637,0
ASN3252,ASN12637,0
ASN3257,ASN260,-1
ASN3257,ASN376,-1
ASN3257,ASN786,-1
ASN3257,ASN792,-1
ASN3257,ASN803,-1
ASN3257,ASN852,-1
ASN3257,ASN855,-1
ASN3257,ASN1103,-1
ASN3257,ASN1213,-1
ASN3257,ASN1215,-1
ASN3257,ASN1217,-1
ASN3257,ASN1258,-1
ASN3257,ASN1280,-1
ASN3257,ASN1341,-1
ASN3257,ASN1403,-1
ASN3257,ASN1421,-1
ASN3257,ASN1449,-1
ASN3257,ASN1605,-1
ASN3257,ASN1610,-1
ASN3257,ASN1668,-1
ASN3257,ASN1680,-1
ASN3257,ASN1764,-1
ASN3257,ASN1828,-1
ASN3257,ASN2110,-1
ASN3257,ASN2200,-1
ASN3257,ASN2611,-1
ASN3257,ASN2636,-1
ASN3257,ASN2711,-1
ASN3257,ASN2734,-1
ASN3257,ASN3043,-1
ASN3257,ASN3208,-1
ASN3257,ASN3255,-1
ASN3257,ASN3292,0
ASN3257,ASN3302,-1
ASN3257,ASN3303,0
ASN3257,ASN3320,0
ASN3257,ASN3356,0
ASN3257,ASN3367,-1
ASN3257,ASN3491,0
ASN3257,ASN3549,0
ASN3257,ASN3561,0
ASN3257,ASN3584,-1
ASN3257,ASN3595,-1
ASN3257,ASN3737,-1
ASN3257,ASN3842,-1
ASN3257,ASN3856,-1
ASN3257,ASN3943,-1
ASN3257,ASN4058,-1
ASN3257,ASN4134,0
ASN3257,ASN4230,-1
ASN3257,ASN4250,-1
ASN3257,ASN4323,0
ASN3257,ASN4436,-1
ASN3257,ASN4511,-1
ASN3257,ASN4544,-1
ASN3257,ASN4565,-1
ASN3257,ASN4589,-1
ASN3257,ASN4637,0
ASN3257,ASN4739,0
ASN3257,ASN4766,0
ASN3257,ASN4788,-1
ASN3257,ASN4826,-1
ASN3257,ASN4837,0
ASN3257,ASN4844,0
ASN3257,ASN4866,-1
ASN3257,ASN4882,-1
ASN3257,ASN4893,-1
ASN3257,ASN5089,-1
ASN3257,ASN5091,-1
ASN3257,ASN5394,-1
ASN3257,ASN5396,-1
ASN3257,ASN5400,0
ASN3257,ASN5409,-1
ASN3257,ASN5459,0
ASN3257,ASN5463,-1
ASN3257,ASN5466,-1
ASN3257,ASN5511,0
ASN3257,ASN5602,-1
ASN3257,ASN5607,-1
ASN3257,ASN5645,-1
ASN3257,ASN5738,-1
ASN3257,ASN5760,-1
ASN3257,ASN5784,-1
ASN3257,ASN6079,0
ASN3257,ASN6095,-1
ASN3257,ASN6181,-1
ASN3257,ASN6220,-1
ASN3257,ASN6280,-1
ASN3257,ASN6327,-1
ASN3257,ASN6391,-1
ASN3257,ASN6407,-1
ASN3257,ASN6450,-1
ASN3257,ASN6453,0
ASN3257,ASN6461,0
ASN3257,ASN6643,-1
ASN3257,ASN6661,-1
ASN3257,ASN6663,-1
ASN3257,ASN6667,-1
ASN3257,ASN6677,-1
ASN3257,ASN6713,-1
ASN3257,ASN6723,-1
ASN3257,ASN6762,0
ASN3257,ASN6774,-1
ASN3257,ASN6812,-1
ASN3257,ASN6830,0
ASN3257,ASN6848,-1
ASN3257,ASN6855,-1
ASN3257,ASN6894,-1
ASN3257,ASN6907,-1
ASN3257,ASN6939,0
ASN3257,ASN7012,-1
ASN3257,ASN7018,0
ASN3257,ASN7020,-1
ASN3257,ASN7057,-1
ASN3257,ASN7065,-1
ASN3257,ASN7158,-1
ASN3257,ASN7219,-1
ASN3257,ASN7226,-1
ASN3257,ASN7270,-1
ASN3257,ASN7303,-1
ASN3257,ASN7314,-1
ASN3257,ASN7342,0
ASN3257,ASN7415,-1
ASN3257,ASN7453,-1
ASN3257,ASN7456,-1
ASN3257,ASN7473,-1
ASN3257,ASN7500,-1
ASN3257,ASN7632,-1
ASN3257,ASN7738,-1
ASN3257,ASN7784,-1
ASN3257,ASN7795,-1
ASN3257,ASN7922,0
ASN3257,ASN7944,-1
ASN3257,ASN7992,-1
ASN3257,ASN8001,-1
ASN3257,ASN8029,-1
ASN3257,ASN8038,-1
ASN3257,ASN8048,-1
ASN3257,ASN8075,-1
ASN3257,ASN8100,-1
ASN3257,ASN8151,-1
ASN3257,ASN8201,-1
ASN3257,ASN8220,0
ASN3257,ASN8262,-1
ASN3257,ASN8283,-1
ASN3257,ASN8304,-1
ASN3257,ASN8308,-1
ASN3257,ASN8361,-1
ASN3257,ASN8368,-1
ASN3257,ASN8399,-1
ASN3257,ASN8400,-1
ASN3257,ASN8447,-1
ASN3257,ASN8452,-1
ASN3257,ASN8455,-1
ASN3257,ASN8495,-1
ASN3257,ASN8513,-1
ASN3257,ASN8523,-1
ASN3257,ASN8551,-1
ASN3257,ASN8560,-1
ASN3257,ASN8612,-1
ASN3257,ASN8657,-1
ASN3257,ASN8697,-1
ASN3257,ASN8781,-1
ASN3257,ASN8784,-1
ASN3257,ASN8789,-1
ASN3257,ASN8793,-1
ASN3257,ASN8816,-1
ASN3257,ASN8878,-1
ASN3257,ASN8895,-1
ASN3257,ASN8902,-1
ASN3257,ASN8922,-1
ASN3257,ASN8926,-1
ASN3257,ASN8928,-1
ASN3257,ASN8966,-1
ASN3257,ASN9038,-1
ASN3257,ASN9044,-1
ASN3257,ASN9050,-1
ASN3257,ASN9116,-1
ASN3257,ASN9121,-1
ASN3257,ASN9137,-1
ASN3257,ASN9153,-1
ASN3257,ASN9188,-1
ASN3257,ASN9197,-1
ASN3257,ASN9208,-1
ASN3257,ASN9269,-1
ASN3257,ASN9293,-1
ASN3257,ASN9304,-1
ASN3257,ASN9381,-1
ASN3257,ASN9416,-1
ASN3257,ASN9443,-1
ASN3257,ASN9498,-1
ASN3257,ASN9583,-1
ASN3257,ASN10026,-1
ASN3257,ASN10030,-1
ASN3257,ASN10099,-1
ASN3257,ASN10103,-1
ASN3257,ASN10204,-1
ASN3257,ASN10302,-1
ASN3257,ASN10480,-1
ASN3257,ASN10674,-1
ASN3257,ASN10905,-1
ASN3257,ASN10910,-1
ASN3257,ASN10912,-1
ASN3257,ASN10913,-1
ASN3257,ASN10929,-1
ASN3257,ASN10996,-1
ASN3257,ASN11013,-1
ASN3257,ASN11019,-1
ASN3257,ASN11074,-1
ASN3257,ASN11232,-1
ASN3257,ASN11260,-1
ASN3257,ASN11280,-1
ASN3257,ASN11282,-1
ASN3257,ASN11290,-1
ASN3257,ASN11403,-1
ASN3257,ASN11404,-1
ASN3257,ASN11522,-1
ASN3257,ASN11557,-1
ASN3257,ASN11666,-1
ASN3257,ASN11686,-1
ASN3257,ASN11696,-1
ASN3257,ASN11758,-1
ASN3257,ASN11772,-1
ASN3257,ASN11774,-1
ASN3257,ASN11776,-1
ASN3257,ASN11798,-1
ASN3257,ASN11807,-1
ASN3257,ASN11814,-1
ASN3257,ASN11849,-1
ASN3257,ASN11854,-1
ASN3257,ASN11855,-1
ASN3257,ASN11856,-1
ASN3257,ASN11867,-1
ASN3257,ASN11876,-1
ASN3257,ASN11877,-1
ASN3257,ASN11878,-1
ASN3257,ASN12035,-1
ASN3257,ASN12041,-1
ASN3257,ASN12059,-1
ASN3257,ASN12083,-1
ASN3257,ASN12096,-1
ASN3257,ASN12129,-1
ASN3257,ASN12168,-1
ASN3257,ASN12179,-1
ASN3257,ASN12182,-1
ASN3257,ASN12189,-1
ASN3257,ASN12252,-1
ASN3257,ASN12284,0
ASN3257,ASN12287,-1
ASN3257,ASN12312,-1
ASN3257,ASN12337,-1
ASN3257,ASN12360,-1
ASN3257,ASN12372,-1
ASN3257,ASN12389,-1
ASN3257,ASN12399,-1
ASN3257,ASN12498,-1
ASN3257,ASN12578,-1
ASN3257,ASN12586,-1
ASN3257,ASN12605,-1
ASN3257,ASN12637,-1
ASN3257,ASN12638,-1
ASN3257,ASN12678,-1
ASN3257,ASN12703,-1
ASN3257,ASN12741,-1
ASN3257,ASN12754,-1
ASN3257,ASN12786,-1
ASN3257,ASN12787,-1
ASN3257,ASN12827,-1
ASN3257,ASN12859,-1
ASN3257,ASN12883,-1
ASN3257,ASN12897,-1
ASN3257,ASN12902,-1
ASN3257,ASN12945,-1
ASN3257,ASN12956,0
ASN3257,ASN12961,-1
ASN3257,ASN12989,-1
ASN3257,ASN12993,-1
ASN3257,ASN13030,0
ASN3257,ASN13037,-1
ASN3257,ASN13039,-1
ASN3257,ASN13213,-1
ASN3257,ASN13237,-1
ASN3257,ASN13285,-1
ASN3257,ASN13331,-1
ASN3257,ASN13335,-1
ASN3257,ASN13345,-1
ASN3257,ASN13360,-1
ASN3257,ASN13480,-1
ASN3257,ASN13537,-1
ASN3257,ASN13557,-1
ASN3257,ASN13591,-1
ASN3257,ASN13592,-1
ASN3257,ASN13722,-1
ASN3257,ASN13730,-1
ASN3257,ASN13739,-1
ASN3257,ASN13760,-1
ASN3257,ASN13763,-1
ASN3257,ASN13768,-1
ASN3257,ASN13789,-1
ASN3257,ASN13798,-1
ASN3257,ASN13825,-1
ASN3257,ASN13909,-1
ASN3257,ASN14080,-1
ASN3257,ASN14135,-1
ASN3257,ASN14193,-1
ASN3257,ASN14200,-1
ASN3257,ASN14238,-1
ASN3257,ASN14332,-1
ASN3257,ASN14361,-1
ASN3257,ASN14398,-1
ASN3257,ASN14453,-1
ASN3257,ASN14492,-1
ASN3257,ASN14522,-1
ASN3257,ASN14585,-1
ASN3257,ASN14589,-1
ASN3257,ASN14601,-1
ASN3257,ASN14627,-1
ASN3257,ASN14701,-1
ASN3257,ASN14743,-1
ASN3257,ASN14744,-1
ASN3257,ASN14753,-1
ASN3257,ASN14754,-1
ASN3257,ASN14829,-1
ASN3257,ASN14832,-1
ASN3257,ASN14923,-1
ASN3257,ASN14928,-1
ASN3257,ASN14929,-1
ASN3257,ASN14986,-1
ASN3257,ASN14987,-1
ASN3257,ASN15003,-1
ASN3257,ASN15024,-1
ASN3257,ASN15042,-1
ASN3257,ASN15072,-1
ASN3257,ASN15084,-1
ASN3257,ASN15128,-1
ASN3257,ASN15133,-1
ASN3257,ASN15149,-1
ASN3257,ASN15169,0
ASN3257,ASN15247,-1
ASN3257,ASN15412,-1
ASN3257,ASN15421,-1
ASN3257,ASN15435,-1
ASN3257,ASN15447,-1
ASN3257,ASN15557,-1
ASN3257,ASN15570,-1
ASN3257,ASN15576,-1
ASN3257,ASN15589,-1
ASN3257,ASN15600,-1
ASN3257,ASN15685,0
ASN3257,ASN15692,-1
ASN3257,ASN15695,-1
ASN3257,ASN15701,-1
ASN3257,ASN15703,-1
ASN3257,ASN15782,-1
ASN3257,ASN15805,-1
ASN3257,ASN15830,-1
ASN3257,ASN15919,-1
ASN3257,ASN15943,-1
ASN3257,ASN16080,-1
ASN3257,ASN16086,-1
ASN3257,ASN16128,-1
ASN3257,ASN16162,-1
ASN3257,ASN16194,-1
ASN3257,ASN16206,-1
ASN3257,ASN16214,-1
ASN3257,ASN16238,-1
ASN3257,ASN16509,-1
ASN3257,ASN16552,-1
ASN3257,ASN16591,-1
ASN3257,ASN16613,-1
ASN3257,ASN16632,-1
ASN3257,ASN16647,-1
ASN3257,ASN16668,-1
ASN3257,ASN16713,-1
ASN3257,ASN16803,-1
ASN3257,ASN16839,-1
ASN3257,ASN16970,-1
ASN3257,ASN16978,-1
ASN3257,ASN17012,-1
ASN3257,ASN17077,-1
ASN3257,ASN17088,-1
ASN3257,ASN17090,-1
ASN3257,ASN17139,-1
ASN3257,ASN17149,-1
ASN3257,ASN17151,-1
ASN3257,ASN17397,-1
ASN3257,ASN17444,-1
ASN3257,ASN17547,0
ASN3257,ASN17666,-1
ASN3257,ASN17676,0
ASN3257,ASN17924,-1
ASN3257,ASN18001,-1
ASN3257,ASN18106,-1
ASN3257,ASN18119,-1
ASN3257,ASN18450,-1
ASN3257,ASN18456,-1
ASN3257,ASN18505,-1
ASN3257,ASN18588,-1
ASN3257,ASN18608,-1
ASN3257,ASN18717,-1
ASN3257,ASN18747,-1
ASN3257,ASN18779,-1
ASN3257,ASN18978,-1
ASN3257,ASN18990,-1
ASN3257,ASN19037,-1
ASN3257,ASN19066,-1
ASN3257,ASN19108,-1
ASN3257,ASN19137,-1
ASN3257,ASN19159,-1
ASN3257,ASN19165,-1
ASN3257,ASN19214,-1
ASN3257,ASN19222,-1
ASN3257,ASN19234,-1
ASN3257,ASN19257,-1
ASN3257,ASN19324,-1
ASN3257,ASN19397,-1
ASN3257,ASN19506,-1
ASN3257,ASN19551,-1
ASN3257,ASN19662,-1
ASN3257,ASN19679,-1
ASN3257,ASN19710,-1
ASN3257,ASN19740,-1
ASN3257,ASN19752,-1
ASN3257,ASN19842,-1
ASN3257,ASN19854,-1
ASN3257,ASN19864,-1
ASN3257,ASN19905,-1
ASN3257,ASN19966,-1
ASN3257,ASN19993,-1
ASN3257,ASN20021,-1
ASN3257,ASN20077,-1
ASN3257,ASN20093,-1
ASN3257,ASN20144,-1
ASN3257,ASN20216,-1
ASN3257,ASN20223,-1
ASN3257,ASN20284,-1
ASN3257,ASN20312,-1
ASN3257,ASN20324,-1
ASN3257,ASN20412,-1
ASN3257,ASN20462,-1
ASN3257,ASN20473,-1
ASN3257,ASN20485,0
ASN3257,ASN20621,-1
ASN3257,ASN20645,-1
ASN3257,ASN20647,-1
ASN3257,ASN20650,-1
ASN3257,ASN20707,-1
ASN3257,ASN20718,-1
ASN3257,ASN20804,-1
ASN3257,ASN20811,-1
ASN3257,ASN20850,-1
ASN3257,ASN20853,-1
ASN3257,ASN20878,-1
ASN3257,ASN20940,-1
ASN3257,ASN20960,-1
ASN3257,ASN20976,-1
ASN3257,ASN20984,-1
ASN3257,ASN21013,-1
ASN3257,ASN21021,-1
ASN3257,ASN21056,-1
ASN3257,ASN21221,-1
ASN3257,ASN21260,-1
ASN3257,ASN21321,-1
ASN3257,ASN21345,-1
ASN3257,ASN21351,-1
ASN3257,ASN21509,-1
ASN3257,ASN21513,-1
ASN3257,ASN21534,-1
ASN3257,ASN21548,-1
ASN3257,ASN21669,-1
ASN3257,ASN21724,-1
ASN3257,ASN21755,-1
ASN3257,ASN21802,-1
ASN3257,ASN21859,-1
ASN3257,ASN21983,-1
ASN3257,ASN22075,-1
ASN3257,ASN22232,-1
ASN3257,ASN22299,-1
ASN3257,ASN22317,-1
ASN3257,ASN22363,-1
ASN3257,ASN22384,-1
ASN3257,ASN22518,-1
ASN3257,ASN22591,-1
ASN3257,ASN22616,-1
ASN3257,ASN22634,-1
ASN3257,ASN22652,-1
ASN3257,ASN22653,-1
ASN3257,ASN22668,-1
ASN3257,ASN22702,-1
ASN3257,ASN22768,-1
ASN3257,ASN22781,-1
ASN3257,ASN22799,-1
ASN3257,ASN22822,-1
ASN3257,ASN22915,-1
ASN3257,ASN22923,-1
ASN3257,ASN22925,-1
ASN3257,ASN22957,-1
ASN3257,ASN22964,-1
ASN3257,ASN22995,-1
ASN3257,ASN23100,-1
ASN3257,ASN23108,-1
ASN3257,ASN23114,-1
ASN3257,ASN23136,-1
ASN3257,ASN23148,-1
ASN3257,ASN23184,-1
ASN3257,ASN23310,-1
ASN3257,ASN23312,-1
ASN3257,ASN23342,-1
ASN3257,ASN23352,-1
ASN3257,ASN23367,-1
ASN3257,ASN23372,-1
ASN3257,ASN23393,-1
ASN3257,ASN23487,-1
ASN3257,ASN23498,-1
ASN3257,ASN23520,-1
ASN3257,ASN23522,-1
ASN3257,ASN23550,-1
ASN3257,ASN23576,-1
ASN3257,ASN23655,-1
ASN3257,ASN23678,-1
ASN3257,ASN23947,-1
ASN3257,ASN24043,-1
ASN3257,ASN24514,-1
ASN3257,ASN24534,-1
ASN3257,ASN24592,-1
ASN3257,ASN24637,-1
ASN3257,ASN24753,-1
ASN3257,ASN24776,-1
ASN3257,ASN24894,-1
ASN3257,ASN24931,-1
ASN3257,ASN24940,-1
ASN3257,ASN24953,-1
ASN3257,ASN24958,-1
ASN3257,ASN25003,-1
ASN3257,ASN25098,-1
ASN3257,ASN25122,-1
ASN3257,ASN25148,-1
ASN3257,ASN25151,-1
ASN3257,ASN25152,0
ASN3257,ASN25220,-1
ASN3257,ASN25369,-1
ASN3257,ASN25441,-1
ASN3257,ASN25540,-1
ASN3257,ASN25577,-1
ASN3257,ASN25596,-1
ASN3257,ASN25605,-1
ASN3257,ASN25614,-1
ASN3257,ASN25653,-1
ASN3257,ASN25720,-1
ASN3257,ASN25761,-1
ASN3257,ASN25780,-1
ASN3257,ASN25795,-1
ASN3257,ASN25826,-1
ASN3257,ASN25844,-1
ASN3257,ASN25973,-1
ASN3257,ASN25981,-1
ASN3257,ASN26167,-1
ASN3257,ASN26198,-1
ASN3257,ASN26282,-1
ASN3257,ASN26288,-1
ASN3257,ASN26342,-1
ASN3257,ASN26375,-1
ASN3257,ASN26424,-1
ASN3257,ASN26476,-1
ASN3257,ASN26479,-1
ASN3257,ASN26542,-1
ASN3257,ASN26548,-1
ASN3257,ASN26554,-1
ASN3257,ASN26697,-1
ASN3257,ASN26718,-1
ASN3257,ASN26739,-1
ASN3257,ASN26769,-1
ASN3257,ASN26803,-1
ASN3257,ASN26832,-1
ASN3257,ASN26938,-1
ASN3257,ASN26962,-1
ASN3257,ASN26967,-1
ASN3257,ASN26972,-1
ASN3257,ASN26991,-1
ASN3257,ASN27005,-1
ASN3257,ASN27257,-1
ASN3257,ASN27280,-1
ASN3257,ASN27299,-1
ASN3257,ASN27381,-1
ASN3257,ASN27393,-1
ASN3257,ASN27413,-1
ASN3257,ASN27458,-1
ASN3257,ASN27506,-1
ASN3257,ASN27536,-1
ASN3257,ASN27596,-1
ASN3257,ASN27612,-1
ASN3257,ASN27768,-1
ASN3257,ASN27908,-1
ASN3257,ASN27978,-1
ASN3257,ASN28513,-1
ASN3257,ASN28707,-1
ASN3257,ASN28760,-1
ASN3257,ASN28776,-1
ASN3257,ASN28786,-1
ASN3257,ASN28792,-1
ASN3257,ASN28858,-1
ASN3257,ASN28917,-1
ASN3257,ASN29017,-1
ASN3257,ASN29045,-1
ASN3257,ASN29066,-1
ASN3257,ASN29119,-1
ASN3257,ASN29140,-1
ASN3257,ASN29208,-1
ASN3257,ASN29286,-1
ASN3257,ASN29419,-1
ASN3257,ASN29446,-1
ASN3257,ASN29518,-1
ASN3257,ASN29550,-1
ASN3257,ASN29551,-1
ASN3257,ASN29575,-1
ASN3257,ASN29636,-1
ASN3257,ASN29644,-1
ASN3257,ASN29655,-1
ASN3257,ASN29680,-1
ASN3257,ASN29686,-1
ASN3257,ASN29697,-1
ASN3257,ASN29732,-1
ASN3257,ASN29748,-1
ASN3257,ASN29757,-1
ASN3257,ASN29784,-1
ASN3257,ASN29802,-1
ASN3257,ASN29854,-1
ASN3257,ASN29909,-1
ASN3257,ASN29974,-1
ASN3257,ASN30081,-1
ASN3257,ASN30114,-1
ASN3257,ASN30132,0
ASN3257,ASN30148,-1
ASN3257,ASN30176,-1
ASN3257,ASN30188,-1
ASN3257,ASN30238,-1
ASN3257,ASN30282,-1
ASN3257,ASN30286,-1
ASN3257,ASN30366,-1
ASN3257,ASN30373,-1
ASN3257,ASN30419,-1
ASN3257,ASN30517,-1
ASN3257,ASN30588,-1
ASN3257,ASN30607,-1
ASN3257,ASN30614,-1
ASN3257,ASN30616,-1
ASN3257,ASN30693,-1
ASN3257,ASN30762,-1
ASN3257,ASN30793,-1
ASN3257,ASN30827,-1
ASN3257,ASN30891,-1
ASN3257,ASN30925,-1
ASN3257,ASN31042,-1
ASN3257,ASN31080,-1
ASN3257,ASN31084,-1
ASN3257,ASN31108,-1
ASN3257,ASN31147,-1
ASN3257,ASN31167,-1
ASN3257,ASN31178,-1
ASN3257,ASN31241,-1
ASN3257,ASN31252,-1
ASN3257,ASN31263,0
ASN3257,ASN31270,-1
ASN3257,ASN31400,-1
ASN3257,ASN31402,-1
ASN3257,ASN31474,-1
ASN3257,ASN31479,-1
ASN3257,ASN31510,-1
ASN3257,ASN31543,-1
ASN3257,ASN31562,-1
ASN3257,ASN31651,-1
ASN3257,ASN31655,-1
ASN3257,ASN31673,-1
ASN3257,ASN31688,-1
ASN3257,ASN31708,-1
ASN3257,ASN31742,-1
ASN3257,ASN31760,-1
ASN3257,ASN31970,-1
ASN3257,ASN32034,-1
ASN3257,ASN32035,-1
ASN3257,ASN32063,-1
ASN3257,ASN32084,-1
ASN3257,ASN32098,-1
ASN3257,ASN32100,-1
ASN3257,ASN32134,-1
ASN3257,ASN32155,-1
ASN3257,ASN32181,-1
ASN3257,ASN32241,-1
ASN3257,ASN32286,-1
ASN3257,ASN32334,-1
ASN3257,ASN32421,-1
ASN3257,ASN32432,-1
ASN3257,ASN32478,-1
ASN3257,ASN32479,-1
ASN3257,ASN32489,-1
ASN3257,ASN32507,-1
ASN3257,ASN32592,-1
ASN3257,ASN32613,-1
ASN3257,ASN32621,-1
ASN3257,ASN32627,-1
ASN3257,ASN32632,-1
ASN3257,ASN32641,-1
ASN3257,ASN32654,-1
ASN3257,ASN32742,-1
ASN3257,ASN32743,-1
ASN3257,ASN32780,-1
ASN3257,ASN32880,-1
ASN3257,ASN32886,-1
ASN3257,ASN32934,-1
ASN3257,ASN32939,-1
ASN3257,ASN32943,-1
ASN3257,ASN32977,-1
ASN3257,ASN32987,-1
ASN3257,ASN33011,-1
ASN3257,ASN33047,-1
ASN3257,ASN33132,-1
ASN3257,ASN33139,-1
ASN3257,ASN33164,-1
ASN3257,ASN33184,-1
ASN3257,ASN33280,-1
ASN3257,ASN33361,-1
ASN3257,ASN33368,-1
ASN3257,ASN33438,-1
ASN3257,ASN33445,-1
ASN3257,ASN33494,-1
ASN3257,ASN33529,-1
ASN3257,ASN33532,-1
ASN3257,ASN33535,-1
ASN3257,ASN33541,-1
ASN3257,ASN33554,-1
ASN3257,ASN33597,-1
ASN3257,ASN33606,-1
ASN3257,ASN33680,-1
ASN3257,ASN33724,-1
ASN3257,ASN33779,-1
ASN3257,ASN33802,-1
ASN3257,ASN33828,-1
ASN3257,ASN33831,-1
ASN3257,ASN33835,-1
ASN3257,ASN33922,-1
ASN3257,ASN33923,-1
ASN3257,ASN34002,-1
ASN3257,ASN34006,-1
ASN3257,ASN34164,-1
ASN3257,ASN34209,-1
ASN3257,ASN34224,-1
ASN3257,ASN34245,-1
ASN3257,ASN34270,-1
ASN3257,ASN34279,-1
ASN3257,ASN34288,-1
ASN3257,ASN34308,-1
ASN3257,ASN34391,-1
ASN3257,ASN34393,-1
ASN3257,ASN34437,-1
ASN3257,ASN34442,-1
ASN3257,ASN34523,-1
ASN3257,ASN34525,-1
ASN3257,ASN34549,-1
ASN3257,ASN34555,-1
ASN3257,ASN34762,-1
ASN3257,ASN34764,-1
ASN3257,ASN34922,-1
ASN3257,ASN34967,-1
ASN3257,ASN34984,-1
ASN3257,ASN35030,-1
ASN3257,ASN35176,-1
ASN3257,ASN35180,-1
ASN3257,ASN35244,-1
ASN3257,ASN35259,-1
ASN3257,ASN35266,-1
ASN3257,ASN35283,-1
ASN3257,ASN35297,-1
ASN3257,ASN35393,-1
ASN3257,ASN35395,-1
ASN3257,ASN35425,-1
ASN3257,ASN35491,-1
ASN3257,ASN35574,-1
ASN3257,ASN35593,-1
ASN3257,ASN35695,-1
ASN3257,ASN35745,-1
ASN3257,ASN35760,-1
ASN3257,ASN35787,-1
ASN3257,ASN35788,-1
ASN3257,ASN35821,-1
ASN3257,ASN35831,-1
ASN3257,ASN35834,-1
ASN3257,ASN35838,-1
ASN3257,ASN35890,-1
ASN3257,ASN35906,-1
ASN3257,ASN35914,-1
ASN3257,ASN35974,-1
ASN3257,ASN35977,-1
ASN3257,ASN35993,-1
ASN3257,ASN35994,-1
ASN3257,ASN36007,-1
ASN3257,ASN36031,-1
ASN3257,ASN36040,-1
ASN3257,ASN36052,-1
ASN3257,ASN36086,-1
ASN3257,ASN36236,-1
ASN3257,ASN36243,-1
ASN3257,ASN36255,-1
ASN3257,ASN36351,0
ASN3257,ASN36352,-1
ASN3257,ASN36384,-1
ASN3257,ASN36408,-1
ASN3257,ASN36473,-1
ASN3257,ASN36483,-1
ASN3257,ASN36486,-1
ASN3257,ASN36493,-1
ASN3257,ASN36614,-1
ASN3257,ASN36666,-1
ASN3257,ASN36692,-1
ASN3257,ASN36700,-1
ASN3257,ASN36707,-1
ASN3257,ASN36715,-1
ASN3257,ASN36807,-1
ASN3257,ASN36884,-1
ASN3257,ASN37090,-1
ASN3257,ASN37100,-1
ASN3257,ASN37518,-1
ASN3257,ASN37632,-1
ASN3257,ASN37958,-1
ASN3257,ASN38001,-1
ASN3257,ASN38040,-1
ASN3257,ASN38082,-1
ASN3257,ASN38726,-1
ASN3257,ASN38861,0
ASN3257,ASN38880,-1
ASN3257,ASN38963,-1
ASN3257,ASN38966,-1
ASN3257,ASN39093,-1
ASN3257,ASN39116,-1
ASN3257,ASN39120,-1
ASN3257,ASN39145,-1
ASN3257,ASN39179,-1
ASN3257,ASN39233,-1
ASN3257,ASN39234,-1
ASN3257,ASN39251,-1
ASN3257,ASN39279,-1
ASN3257,ASN39318,-1
ASN3257,ASN39386,-1
ASN3257,ASN39392,-1
ASN3257,ASN39439,-1
ASN3257,ASN39449,-1
ASN3257,ASN39591,-1
ASN3257,ASN39636,-1
ASN3257,ASN39637,-1
ASN3257,ASN39704,-1
ASN3257,ASN39729,-1
ASN3257,ASN39756,-1
ASN3257,ASN39816,-1
ASN3257,ASN39829,-1
ASN3257,ASN39832,-1
ASN3257,ASN39905,-1
ASN3257,ASN39923,-1
ASN3257,ASN40061,-1
ASN3257,ASN40125,-1
ASN3257,ASN40160,-1
ASN3257,ASN40165,-1
ASN3257,ASN40191,-1
ASN3257,ASN40193,-1
ASN3257,ASN40353,-1
ASN3257,ASN40418,-1
ASN3257,ASN40446,-1
ASN3257,ASN40630,-1
ASN3257,ASN40657,-1
ASN3257,ASN40669,-1
ASN3257,ASN40676,-1
ASN3257,ASN40749,-1
ASN3257,ASN40784,-1
ASN3257,ASN40788,-1
ASN3257,ASN40805,-1
ASN3257,ASN40858,-1
ASN3257,ASN40925,-1
ASN3257,ASN40926,-1
ASN3257,ASN40988,-1
ASN3257,ASN41073,-1
ASN3257,ASN41079,-1
ASN3257,ASN41095,0
ASN3257,ASN41130,-1
ASN3257,ASN41135,-1
ASN3257,ASN41276,-1
ASN3257,ASN41319,-1
ASN3257,ASN41364,-1
ASN3257,ASN41448,-1
ASN3257,ASN41471,-1
ASN3257,ASN41477,-1
ASN3257,ASN41491,-1
ASN3257,ASN41495,-1
ASN3257,ASN41497,-1
ASN3257,ASN41508,-1
ASN3257,ASN41511,-1
ASN3257,ASN41604,-1
ASN3257,ASN41678,-1
ASN3257,ASN41690,-1
ASN3257,ASN41883,-1
ASN3257,ASN41966,-1
ASN3257,ASN42040,-1
ASN3257,ASN42177,-1
ASN3257,ASN42227,-1
ASN3257,ASN42266,-1
ASN3257,ASN42344,-1
ASN3257,ASN42346,-1
ASN3257,ASN42353,-1
ASN3257,ASN42374,-1
ASN3257,ASN42401,-1
ASN3257,ASN42459,-1
ASN3257,ASN42483,-1
ASN3257,ASN42596,-1
ASN3257,ASN42643,-1
ASN3257,ASN42673,-1
ASN3257,ASN42739,-1
ASN3257,ASN42804,-1
ASN3257,ASN42830,-1
ASN3257,ASN42912,-1
ASN3257,ASN42925,-1
ASN3257,ASN42927,-1
ASN3257,ASN42976,-1
ASN3257,ASN43073,-1
ASN3257,ASN43074,-1
ASN3257,ASN43171,-1
ASN3257,ASN43266,-1
ASN3257,ASN43289,-1
ASN3257,ASN43333,-1
ASN3257,ASN43350,-1
ASN3257,ASN43406,-1
ASN3257,ASN43515,-1
ASN3257,ASN43519,-1
ASN3257,ASN43531,0
ASN3257,ASN43599,-1
ASN3257,ASN43617,-1
ASN3257,ASN43639,-1
ASN3257,ASN43664,-1
ASN3257,ASN43679,-1
ASN3257,ASN43772,-1
ASN3257,ASN43829,-1
ASN3257,ASN43833,-1
ASN3257,ASN43843,-1
ASN3257,ASN43935,-1
ASN3257,ASN43984,-1
ASN3257,ASN44124,-1
ASN3257,ASN44150,-1
ASN3257,ASN44196,-1
ASN3257,ASN44212,-1
ASN3257,ASN44444,-1
ASN3257,ASN44454,-1
ASN3257,ASN44497,-1
ASN3257,ASN44655,-1
ASN3257,ASN44765,-1
ASN3257,ASN44786,-1
ASN3257,ASN44806,-1
ASN3257,ASN44814,-1
ASN3257,ASN44815,-1
ASN3257,ASN44914,-1
ASN3257,ASN44944,-1
ASN3257,ASN44965,-1
ASN3257,ASN45028,-1
ASN3257,ASN45177,-1
ASN3257,ASN45430,-1
ASN3257,ASN45474,-1
ASN3257,ASN45530,-1
ASN3257,ASN45629,-1
ASN3257,ASN45630,-1
ASN3257,ASN45750,-1
ASN3257,ASN45758,-1
ASN3257,ASN45816,-1
ASN3257,ASN45896,-1
ASN3257,ASN45899,-1
ASN3257,ASN45903,-1
ASN3257,ASN45960,-1
ASN3257,ASN46168,-1
ASN3257,ASN46195,-1
ASN3257,ASN46199,-1
ASN3257,ASN46241,-1
ASN3257,ASN46251,-1
ASN3257,ASN46281,-1
ASN3257,ASN46394,-1
ASN3257,ASN46422,-1
ASN3257,ASN46450,-1
ASN3257,ASN46489,-1
ASN3257,ASN46562,-1
ASN3257,ASN46609,-1
ASN3257,ASN46635,-1
ASN3257,ASN46652,-1
ASN3257,ASN46665,-1
ASN3257,ASN46800,-1
ASN3257,ASN46844,-1
ASN3257,ASN46865,-1
ASN3257,ASN46887,-1
ASN3257,ASN46922,-1
ASN3257,ASN46931,-1
ASN3257,ASN47099,-1
ASN3257,ASN47195,-1
ASN3257,ASN47242,-1
ASN3257,ASN47302,-1
ASN3257,ASN47316,-1
ASN3257,ASN47443,-1
ASN3257,ASN47480,-1
ASN3257,ASN47537,-1
ASN3257,ASN47544,-1
ASN3257,ASN47657,-1
ASN3257,ASN47850,-1
ASN3257,ASN47866,-1
ASN3257,ASN47869,-1
ASN3257,ASN47887,-1
ASN3257,ASN47949,-1
ASN3257,ASN47961,-1
ASN3257,ASN48039,-1
ASN3257,ASN48119,-1
ASN3257,ASN48142,-1
ASN3257,ASN48159,-1
ASN3257,ASN48173,-1
ASN3257,ASN48237,-1
ASN3257,ASN48305,-1
ASN3257,ASN48408,-1
ASN3257,ASN48426,-1
ASN3257,ASN48493,-1
ASN3257,ASN48505,-1
ASN3257,ASN48659,-1
ASN3257,ASN48742,-1
ASN3257,ASN48832,-1
ASN3257,ASN48910,-1
ASN3257,ASN48918,-1
ASN3257,ASN48961,-1
ASN3257,ASN48971,-1
ASN3257,ASN48991,-1
ASN3257,ASN49220,-1
ASN3257,ASN49296,-1
ASN3257,ASN49375,-1
ASN3257,ASN49544,-1
ASN3257,ASN49550,-1
ASN3257,ASN49560,-1
ASN3257,ASN49572,-1
ASN3257,ASN49594,-1
ASN3257,ASN49761,-1
ASN3257,ASN49785,-1
ASN3257,ASN49823,-1
ASN3257,ASN49895,-1
ASN3257,ASN49964,-1
ASN3257,ASN49983,-1
ASN3257,ASN50056,-1
ASN3257,ASN50083,-1
ASN3257,ASN50153,-1
ASN3257,ASN50188,-1
ASN3257,ASN50245,-1
ASN3257,ASN50247,-1
ASN3257,ASN50326,-1
ASN3257,ASN50360,-1
ASN3257,ASN50404,-1
ASN3257,ASN50405,-1
ASN3257,ASN50411,-1
ASN3257,ASN50463,-1
ASN3257,ASN50468,-1
ASN3257,ASN50481,-1
ASN3257,ASN50584,-1
ASN3257,ASN50607,-1
ASN3257,ASN50622,-1
ASN3257,ASN50625,-1
ASN3257,ASN50673,-1
ASN3257,ASN50767,-1
ASN3257,ASN50837,-1
ASN3257,ASN50857,-1
ASN3257,ASN50994,-1
ASN3257,ASN51060,-1
ASN3257,ASN51068,-1
ASN3257,ASN51088,-1
ASN3257,ASN51337,-1
ASN3257,ASN51390,-1
ASN3257,ASN51394,-1
ASN3257,ASN51395,-1
ASN3257,ASN51399,-1
ASN3257,ASN51406,-1
ASN3257,ASN51587,-1
ASN3257,ASN51606,-1
ASN3257,ASN51677,-1
ASN3257,ASN51752,-1
ASN3257,ASN51754,-1
ASN3257,ASN51776,-1
ASN3257,ASN51796,-1
ASN3257,ASN51823,-1
ASN3257,ASN51863,-1
ASN3257,ASN51865,-1
ASN3257,ASN51944,-1
ASN3257,ASN51960,-1
ASN3257,ASN52009,-1
ASN3257,ASN52031,-1
ASN3257,ASN52075,-1
ASN3257,ASN52079,-1
ASN3257,ASN52101,-1
ASN3257,ASN52106,-1
ASN3257,ASN52320,-1
ASN3257,ASN52863,-1
ASN3257,ASN53258,-1
ASN3257,ASN53264,-1
ASN3257,ASN53276,-1
ASN3257,ASN53292,-1
ASN3257,ASN53321,-1
ASN3257,ASN53342,-1
ASN3257,ASN53345,-1
ASN3257,ASN53346,-1
ASN3257,ASN53364,-1
ASN3257,ASN53369,-1
ASN3257,ASN53400,-1
ASN3257,ASN53424,-1
ASN3257,ASN53428,-1
ASN3257,ASN53440,-1
ASN3257,ASN53464,-1
ASN3257,ASN53483,-1
ASN3257,ASN53518,-1
ASN3257,ASN53521,-1
ASN3257,ASN53678,-1
ASN3257,ASN53723,-1
ASN3257,ASN53766,-1
ASN3257,ASN53767,-1
ASN3257,ASN53813,-1
ASN3257,ASN53828,-1
ASN3257,ASN53850,-1
ASN3257,ASN53878,-1
ASN3257,ASN53889,-1
ASN3257,ASN53967,-1
ASN3257,ASN53973,-1
ASN3257,ASN53982,-1
ASN3257,ASN54058,-1
ASN3257,ASN54103,-1
ASN3257,ASN54104,-1
ASN3257,ASN54235,-1
ASN3257,ASN54247,-1
ASN3257,ASN54251,-1
ASN3257,ASN54290,-1
ASN3257,ASN54301,-1
ASN3257,ASN54303,-1
ASN3257,ASN54305,-1
ASN3257,ASN54312,-1
ASN3257,ASN54329,-1
ASN3257,ASN54335,-1
ASN3257,ASN54456,-1
ASN3257,ASN54527,-1
ASN3257,ASN54540,-1
ASN3257,ASN54600,-1
ASN3257,ASN54641,-1
ASN3257,ASN54652,-1
ASN3257,ASN54723,-1
ASN3257,ASN54778,-1
ASN3257,ASN54829,-1
ASN3257,ASN54929,-1
ASN3257,ASN54941,-1
ASN3257,ASN54962,-1
ASN3257,ASN54963,-1
ASN3257,ASN54994,-1
ASN3257,ASN55002,-1
ASN3257,ASN55011,-1
ASN3257,ASN55069,-1
ASN3257,ASN55129,-1
ASN3257,ASN55256,-1
ASN3257,ASN55259,-1
ASN3257,ASN55480,-1
ASN3257,ASN55891,-1
ASN3257,ASN56286,-1
ASN3257,ASN56511,-1
ASN3257,ASN56515,-1
ASN3257,ASN56575,-1
ASN3257,ASN56595,-1
ASN3257,ASN56611,-1
ASN3257,ASN56654,-1
ASN3257,ASN56675,-1
ASN3257,ASN56704,-1
ASN3257,ASN56773,-1
ASN3257,ASN56778,-1
ASN3257,ASN56805,-1
ASN3257,ASN56949,-1
ASN3257,ASN56990,-1
ASN3257,ASN57068,-1
ASN3257,ASN57263,-1
ASN3257,ASN57332,-1
ASN3257,ASN57478,-1
ASN3257,ASN57480,-1
ASN3257,ASN57624,-1
ASN3257,ASN57677,-1
ASN3257,ASN57723,-1
ASN3257,ASN57724,-1
ASN3257,ASN57877,-1
ASN3257,ASN57896,-1
ASN3257,ASN58173,-1
ASN3257,ASN58307,-1
ASN3257,ASN58453,-1
ASN3257,ASN58511,-1
ASN3257,ASN58982,-1
ASN3257,ASN59415,-1
ASN3257,ASN59545,-1
ASN3257,ASN59580,-1
ASN3257,ASN59605,-1
ASN3257,ASN59611,-1
ASN3257,ASN59655,-1
ASN3257,ASN59827,-1
ASN3257,ASN59842,-1
ASN3257,ASN59865,-1
ASN3257,ASN60038,-1
ASN3257,ASN60068,-1
ASN3257,ASN60191,-1
ASN3257,ASN60219,-1
ASN3257,ASN60277,-1
ASN3257,ASN60339,-1
ASN3257,ASN60517,-1
ASN3257,ASN60610,-1
ASN3257,ASN60624,-1
ASN3257,ASN60636,-1
ASN3257,ASN60765,-1
ASN3257,ASN60923,-1
ASN3257,ASN60929,-1
ASN3257,ASN60940,-1
ASN3257,ASN61215,-1
ASN3257,ASN61234,-1
ASN3257,ASN61373,-1
ASN3257,ASN61430,-1
ASN3257,ASN62044,-1
ASN3257,ASN62081,-1
ASN3257,ASN62087,-1
ASN3257,ASN62112,-1
ASN3257,ASN62168,-1
ASN3257,ASN62195,-1
ASN3257,ASN62240,-1
ASN3257,ASN62325,-1
ASN3257,ASN62523,-1
ASN3257,ASN62551,-1
ASN3257,ASN62563,-1
ASN3257,ASN62597,-1
ASN3257,ASN62638,-1
ASN3257,ASN62668,-1
ASN3257,ASN62703,-1
ASN3257,ASN62713,-1
ASN3257,ASN62798,-1
ASN3257,ASN62804,-1
ASN3257,ASN62815,-1
ASN3257,ASN62833,-1
ASN3257,ASN62870,-1
ASN3257,ASN62904,-1
ASN3257,ASN62947,-1
ASN3257,ASN62949,-1
ASN3257,ASN62955,-1
ASN3257,ASN62982,-1
ASN3257,ASN63003,-1
ASN3257,ASN63008,-1
ASN3257,ASN63058,-1
ASN3257,ASN63068,-1
ASN3257,ASN63119,-1
ASN3257,ASN63128,-1
ASN3257,ASN63157,-1
ASN3257,ASN63175,-1
ASN3257,ASN63186,-1
ASN3257,ASN63213,-1
ASN3257,ASN63300,-1
ASN3257,ASN63311,-1
ASN3257,ASN63365,-1
ASN3257,ASN63383,-1
ASN3257,ASN63399,-1
ASN3257,ASN63439,-1
ASN3257,ASN63452,-1
ASN3257,ASN63476,-1
ASN3257,ASN63956,-1
ASN3257,ASN64208,-1
ASN3257,ASN132057,-1
ASN3257,ASN132354,-1
ASN3257,ASN132876,-1
ASN3257,ASN133164,-1
ASN3257,ASN133380,-1
ASN3257,ASN133410,-1
ASN3257,ASN133777,-1
ASN3257,ASN133946,-1
ASN3257,ASN134386,-1
ASN3257,ASN134399,-1
ASN3257,ASN196674,-1
ASN3257,ASN196681,-1
ASN3257,ASN196755,-1
ASN3257,ASN196975,-1
ASN3257,ASN196979,-1
ASN3257,ASN196987,-1
ASN3257,ASN197009,-1
ASN3257,ASN197064,-1
ASN3257,ASN197075,-1
ASN3257,ASN197155,-1
ASN3257,ASN197181,-1
ASN3257,ASN197262,-1
ASN3257,ASN197308,-1
ASN3257,ASN197447,-1
ASN3257,ASN197479,-1
ASN3257,ASN197549,-1
ASN3257,ASN197572,-1
ASN3257,ASN197610,-1
ASN3257,ASN197667,-1
ASN3257,ASN197669,-1
ASN3257,ASN197697,-1
ASN3257,ASN197729,-1
ASN3257,ASN197809,-1
ASN3257,ASN197853,-1
ASN3257,ASN197963,-1
ASN3257,ASN198040,-1
ASN3257,ASN198187,-1
ASN3257,ASN198216,-1
ASN3257,ASN198287,-1
ASN3257,ASN198301,-1
ASN3257,ASN198426,-1
ASN3257,ASN198471,-1
ASN3257,ASN198493,-1
ASN3257,ASN198611,-1
ASN3257,ASN198636,-1
ASN3257,ASN198847,-1
ASN3257,ASN198858,-1
ASN3257,ASN198935,-1
ASN3257,ASN198948,-1
ASN3257,ASN198949,-1
ASN3257,ASN199095,-1
ASN3257,ASN199156,-1
ASN3257,ASN199203,-1
ASN3257,ASN199358,-1
ASN3257,ASN199503,-1
ASN3257,ASN199541,-1
ASN3257,ASN199636,-1
ASN3257,ASN199799,-1
ASN3257,ASN199880,-1
ASN3257,ASN199942,-1
ASN3257,ASN200031,-1
ASN3257,ASN200052,-1
ASN3257,ASN200089,-1
ASN3257,ASN200097,-1
ASN3257,ASN200099,-1
ASN3257,ASN200125,-1
ASN3257,ASN200169,-1
ASN3257,ASN200507,-1
ASN3257,ASN200541,-1
ASN3257,ASN200612,-1
ASN3257,ASN200869,-1
ASN3257,ASN200884,-1
ASN3257,ASN200890,-1
ASN3257,ASN200998,-1
ASN3257,ASN201067,-1
ASN3257,ASN201127,-1
ASN3257,ASN201324,-1
ASN3257,ASN201338,-1
ASN3257,ASN201478,-1
ASN3257,ASN201637,-1
ASN3257,ASN201731,-1
ASN3257,ASN201887,-1
ASN3257,ASN201984,-1
ASN3257,ASN202063,-1
ASN3257,ASN202119,-1
ASN3257,ASN203683,-1
ASN3257,ASN204264,-1
ASN3257,ASN393220,-1
ASN3257,ASN393234,-1
ASN3257,ASN393241,-1
ASN3257,ASN393246,-1
ASN3257,ASN393544,-1
ASN3257,ASN393584,-1
ASN3257,ASN393676,-1
ASN3257,ASN393683,-1
ASN3257,ASN393720,-1
ASN3257,ASN393773,-1
ASN3257,ASN393784,-1
ASN3257,ASN394073,-1
ASN3257,ASN394122,-1
ASN3257,ASN394244,-1
ASN3257,ASN394288,-1
ASN3257,ASN394346,-1
ASN3257,ASN394436,-1
ASN3257,ASN394476,-1
ASN3257,ASN394512,-1
ASN3257,ASN394699,-1
ASN3262,ASN12637,0
ASN3267,ASN12637,0
ASN3269,ASN12637,0
ASN3269,ASN39759,-1
ASN3302,ASN12637,0
ASN3327,ASN12637,0
ASN3333,ASN12637,0
ASN3356,ASN1267,-1
ASN3356,ASN1273,-1
ASN3491,ASN1273,-1
ASN3856,ASN12637,0
ASN4436,ASN1273,-1
ASN4436,ASN12637,-1
ASN4589,ASN12637,0
ASN4637,ASN12637,0
ASN4651,ASN12637,0
ASN4761,ASN12637,0
ASN5390,ASN12637,0
ASN5392,ASN12637,0
ASN5394,ASN12637,0
ASN5396,ASN12637,0
ASN5397,ASN12637,0
ASN5410,ASN12637,0
ASN5413,ASN12637,0
ASN5466,ASN12637,0
ASN5524,ASN12637,0
ASN5563,ASN12637,0
ASN5568,ASN12637,0
ASN5583,ASN12637,0
ASN5588,ASN12637,0
ASN5602,ASN12637,0
ASN5713,ASN12637,0
ASN6507,ASN12637,0
ASN6661,ASN12637,0
ASN6663,ASN12637,0
ASN6677,ASN12637,0
ASN6717,ASN12637,0
ASN6724,ASN12637,0
ASN6730,ASN12637,0
ASN6734,ASN12637,0
ASN6735,ASN12637,0
ASN6777,ASN12637,0
ASN6834,ASN12637,0
ASN6853,ASN12637,0
ASN6866,ASN12637,0
ASN6898,ASN12637,0
ASN6939,ASN12637,0
ASN7160,ASN12637,0
ASN7342,ASN12637,0
ASN7713,ASN12637,0
ASN8075,ASN12637,0
ASN8218,ASN12637,0
ASN8220,ASN12637,0
ASN8224,ASN12637,0
ASN8234,ASN12637,0
ASN8251,ASN12637,0
ASN8262,ASN12637,0
ASN8265,ASN12637,0
ASN8282,ASN12637,0
ASN8304,ASN12637,0
ASN8309,ASN12637,0
ASN8315,ASN12637,0
ASN8365,ASN12637,0
ASN8368,ASN12637,0
ASN8400,ASN12637,0
ASN8422,ASN12637,0
ASN8426,ASN12637,0
ASN8462,ASN12637,0
ASN8468,ASN12637,0
ASN8473,ASN12637,0
ASN8487,ASN12637,0
ASN8492,ASN12637,0
ASN8529,ASN12637,0
ASN8551,ASN12637,0
ASN8560,ASN12637,0
ASN8587,ASN12637,0
ASN8608,ASN12637,0
ASN8612,ASN12637,0
ASN8613,ASN12637,0
ASN8632,ASN12637,0
ASN8648,ASN12637,0
ASN8660,ASN12637,0
ASN8717,ASN12637,0
ASN8732,ASN12637,0
ASN8763,ASN12637,0
ASN8764,ASN12637,0
ASN8767,ASN12637,0
ASN8816,ASN12637,0
ASN8839,ASN12637,0
ASN8866,ASN12637,0
ASN8881,ASN12637,0
ASN8922,ASN12637,0
ASN8926,ASN12637,0
ASN8928,ASN1267,-1
ASN8932,ASN12637,0
ASN8966,ASN12637,0
ASN8968,ASN12637,0
ASN8978,ASN12637,0
ASN9002,ASN12637,0
ASN9009,ASN12637,0
ASN9026,ASN12637,0
ASN9029,ASN12637,0
ASN9036,ASN12637,0
ASN9050,ASN12637,0
ASN9104,ASN12637,0
ASN9115,ASN12637,0
ASN9137,ASN12637,0
ASN9145,ASN12637,0
ASN9150,ASN12637,0
ASN9304,ASN12637,0
ASN9318,ASN12637,0
ASN9329,ASN12637,0
ASN9498,ASN12637,0
ASN9583,ASN12637,0
ASN10026,ASN12637,0
ASN10310,ASN12637,0
ASN12041,ASN12637,0
ASN12189,ASN12637,0
ASN12301,ASN12637,0
ASN12306,ASN12637,0
ASN12315,ASN12637,0
ASN12329,ASN12637,0
ASN12355,ASN12637,0
ASN12414,ASN12637,0
ASN12496,ASN12637,0
ASN12552,ASN12637,0
ASN12578,ASN12637,0
ASN12637,ASN6831,-1
ASN12637,ASN12650,0
ASN12637,ASN12654,-1
ASN12637,ASN12713,0
ASN12637,ASN12714,0
ASN12637,ASN12731,0
ASN12637,ASN12732,0
ASN12637,ASN12759,0
ASN12637,ASN12779,0
ASN12637,ASN12835,0
ASN12637,ASN12849,0
ASN12637,ASN12850,0
ASN12637,ASN12859,0
ASN12637,ASN12871,0
ASN12637,ASN12874,0
ASN12637,ASN12876,0
ASN12637,ASN12883,0
ASN12637,ASN12902,0
ASN12637,ASN12989,0
ASN12637,ASN12993,0
ASN12637,ASN13002,0
ASN12637,ASN13004,0
ASN12637,ASN13030,0
ASN12637,ASN13097,0
ASN12637,ASN13101,0
ASN12637,ASN13122,0
ASN12637,ASN13193,0
ASN12637,ASN13213,0
ASN12637,ASN13237,0
ASN12637,ASN13238,0
ASN12637,ASN13285,0
ASN12637,ASN13335,0
ASN12637,ASN13414,0
ASN12637,ASN13445,0
ASN12637,ASN14537,0
ASN12637,ASN15133,0
ASN12637,ASN15169,0
ASN12637,ASN15399,0
ASN12637,ASN15426,0
ASN12637,ASN15433,0
ASN12637,ASN15435,0
ASN12637,ASN15447,0
ASN12637,ASN15516,0
ASN12637,ASN15542,0
ASN12637,ASN15547,0
ASN12637,ASN15589,0
ASN12637,ASN15605,0
ASN12637,ASN15691,0
ASN12637,ASN15703,0
ASN12637,ASN15704,0
ASN12637,ASN15720,0
ASN12637,ASN15763,0
ASN12637,ASN15772,0
ASN12637,ASN15802,0
ASN12637,ASN15830,0
ASN12637,ASN15879,0
ASN12637,ASN15958,0
ASN12637,ASN15966,0
ASN12637,ASN16004,0
ASN12637,ASN16080,0
ASN12637,ASN16097,0
ASN12637,ASN16211,0
ASN12637,ASN16243,0
ASN12637,ASN16265,0
ASN12637,ASN16276,0
ASN12637,ASN16347,0
ASN12637,ASN16509,0
ASN12637,ASN16637,0
ASN12637,ASN16839,0
ASN12637,ASN17451,0
ASN12637,ASN17557,0
ASN12637,ASN18106,0
ASN12637,ASN18403,0
ASN12637,ASN18705,0
ASN12637,ASN19551,0
ASN12637,ASN20080,0
ASN12637,ASN20485,0
ASN12637,ASN20495,0
ASN12637,ASN20504,0
ASN12637,ASN20559,0
ASN12637,ASN20562,0
ASN12637,ASN20621,0
ASN12637,ASN20634,0
ASN12637,ASN20764,0
ASN12637,ASN20766,0
ASN12637,ASN20804,0
ASN12637,ASN20811,0
ASN12637,ASN20836,0
ASN12637,ASN20847,0
ASN12637,ASN20857,0
ASN12637,ASN20886,0
ASN12637,ASN20912,0
ASN12637,ASN20924,0
ASN12637,ASN20932,0
ASN12637,ASN20940,0
ASN12637,ASN20953,0
ASN12637,ASN20969,0
ASN12637,ASN21011,0
ASN12637,ASN21056,0
ASN12637,ASN21176,0
ASN12637,ASN21219,0
ASN12637,ASN21221,0
ASN12637,ASN21263,0
ASN12637,ASN21309,0
ASN12637,ASN21339,0
ASN12637,ASN21345,0
ASN12637,ASN21478,0
ASN12637,ASN22363,0
ASN12637,ASN23148,0
ASN12637,ASN23393,0
ASN12637,ASN23576,0
ASN12637,ASN23947,0
ASN12637,ASN24167,0
ASN12637,ASN24482,0
ASN12637,ASN24586,0
ASN12637,ASN24608,0
ASN12637,ASN24637,0
ASN12637,ASN24642,0
ASN12637,ASN24724,0
ASN12637,ASN24730,0
ASN12637,ASN24796,0
ASN12637,ASN24875,0
ASN12637,ASN24880,0
ASN12637,ASN24904,0
ASN12637,ASN24940,0
ASN12637,ASN24961,0
ASN12637,ASN24994,0
ASN12637,ASN25074,0
ASN12637,ASN25091,0
ASN12637,ASN25151,0
ASN12637,ASN25152,0
ASN12637,ASN25182,0
ASN12637,ASN25220,0
ASN12637,ASN25291,0
ASN12637,ASN25542,0
ASN12637,ASN25596,0
ASN12637,ASN26415,0
ASN12637,ASN26496,0
ASN12637,ASN26667,0
ASN12637,ASN27313,0
ASN12637,ASN28283,0
ASN12637,ASN28685,0
ASN12637,ASN28716,0
ASN12637,ASN28788,0
ASN12637,ASN28801,0
ASN12637,ASN28836,0
ASN12637,ASN28876,0
ASN12637,ASN28917,0
ASN12637,ASN28929,0
ASN12637,ASN28941,0
ASN12637,ASN28999,0
ASN12637,ASN29014,0
ASN12637,ASN29017,0
ASN12637,ASN29073,0
ASN12637,ASN29075,0
ASN12637,ASN29119,0
ASN12637,ASN29140,0
ASN12637,ASN29141,0
ASN12637,ASN29169,0
ASN12637,ASN29208,0
ASN12637,ASN29263,0
ASN12637,ASN29278,0
ASN12637,ASN29314,0
ASN12637,ASN29396,0
ASN12637,ASN29405,0
ASN12637,ASN29419,0
ASN12637,ASN29449,0
ASN12637,ASN29462,0
ASN12637,ASN29587,0
ASN12637,ASN29697,0
ASN12637,ASN29791,0
ASN12637,ASN30094,0
ASN12637,ASN30132,0
ASN12637,ASN30419,0
ASN12637,ASN30740,0
ASN12637,ASN30818,0
ASN12637,ASN30844,0
ASN12637,ASN30848,0
ASN12637,ASN30889,0
ASN12637,ASN30925,0
ASN12637,ASN30961,0
ASN12637,ASN31019,0
ASN12637,ASN31027,0
ASN12637,ASN31034,0
ASN12637,ASN31042,0
ASN12637,ASN31076,-1
ASN12637,ASN31078,0
ASN12637,ASN31115,0
ASN12637,ASN31122,0
ASN12637,ASN31133,0
ASN12637,ASN31216,0
ASN12637,ASN31222,0
ASN12637,ASN31287,0
ASN12637,ASN31319,0
ASN12637,ASN31383,0
ASN12637,ASN31424,0
ASN12637,ASN31449,0
ASN12637,ASN31477,0
ASN12637,ASN31499,0
ASN12637,ASN31500,0
ASN12637,ASN31529,0
ASN12637,ASN31595,0
ASN12637,ASN31611,0
ASN12637,ASN31638,0
ASN12637,ASN31673,0
ASN12637,ASN32338,0
ASN12637,ASN32590,0
ASN12637,ASN32934,0
ASN12637,ASN33796,0
ASN12637,ASN33873,0
ASN12637,ASN33915,0
ASN12637,ASN33986,0
ASN12637,ASN34019,0
ASN12637,ASN34106,0
ASN12637,ASN34141,0
ASN12637,ASN34177,0
ASN12637,ASN34224,0
ASN12637,ASN34288,0
ASN12637,ASN34305,0
ASN12637,ASN34419,0
ASN12637,ASN34442,0
ASN12637,ASN34569,0
ASN12637,ASN34655,0
ASN12637,ASN34695,0
ASN12637,ASN34756,0
ASN12637,ASN34758,0
ASN12637,ASN34762,0
ASN12637,ASN34781,0
ASN12637,ASN34863,0
ASN12637,ASN34868,0
ASN12637,ASN34968,0
ASN12637,ASN35131,-1
ASN12637,ASN35156,0
ASN12637,ASN35193,0
ASN12637,ASN35320,0
ASN12637,ASN35366,0
ASN12637,ASN35574,0
ASN12637,ASN35592,0
ASN12637,ASN35612,0
ASN12637,ASN35662,0
ASN12637,ASN35699,0
ASN12637,ASN35745,0
ASN12637,ASN36040,0
ASN12637,ASN36089,0
ASN12637,ASN36236,0
ASN12637,ASN36351,0
ASN12637,ASN36408,0
ASN12637,ASN36944,0
ASN12637,ASN37100,0
ASN12637,ASN37187,0
ASN12637,ASN37282,0
ASN12637,ASN37662,0
ASN12637,ASN38082,0
ASN12637,ASN38880,0
ASN12637,ASN38915,0
ASN12637,ASN39063,0
ASN12637,ASN39120,0
ASN12637,ASN39122,0
ASN12637,ASN39180,0
ASN12637,ASN39309,0
ASN12637,ASN39318,0
ASN12637,ASN39386,0
ASN12637,ASN39537,0
ASN12637,ASN39591,0
ASN12637,ASN39637,0
ASN12637,ASN39647,0
ASN12637,ASN39651,0
ASN12637,ASN39704,0
ASN12637,ASN39729,0
ASN12637,ASN39737,0
ASN12637,ASN39792,0
ASN12637,ASN39832,0
ASN12637,ASN39912,0
ASN12637,ASN39923,0
ASN12637,ASN39995,0
ASN12637,ASN40627,0
ASN12637,ASN40999,0
ASN12637,ASN41059,0
ASN12637,ASN41090,0
ASN12637,ASN41095,0
ASN12637,ASN41313,0
ASN12637,ASN41393,0
ASN12637,ASN41497,0
ASN12637,ASN41552,0
ASN12637,ASN41690,0
ASN12637,ASN41692,0
ASN12637,ASN41887,0
ASN12637,ASN41913,0
ASN12637,ASN42093,0
ASN12637,ASN42158,0
ASN12637,ASN42184,0
ASN12637,ASN42463,0
ASN12637,ASN42541,0
ASN12637,ASN42707,0
ASN12637,ASN42708,0
ASN12637,ASN42794,0
ASN12637,ASN42909,0
ASN12637,ASN42927,0
ASN12637,ASN42949,0
ASN12637,ASN43061,0
ASN12637,ASN43142,0
ASN12637,ASN43190,0
ASN12637,ASN43293,0
ASN12637,ASN43350,0
ASN12637,ASN43366,0
ASN12637,ASN43376,0
ASN12637,ASN43404,0
ASN12637,ASN43437,0
ASN12637,ASN43531,0
ASN12637,ASN43821,0
ASN12637,ASN43942,0
ASN12637,ASN43996,0
ASN12637,ASN44020,0
ASN12637,ASN44034,0
ASN12637,ASN44053,0
ASN12637,ASN44066,0
ASN12637,ASN44141,0
ASN12637,ASN44160,0
ASN12637,ASN44431,0
ASN12637,ASN44444,0
ASN12637,ASN44513,0
ASN12637,ASN44608,0
ASN12637,ASN44654,0
ASN12637,ASN44735,0
ASN12637,ASN44788,0
ASN12637,ASN44814,0
ASN12637,ASN44981,0
ASN12637,ASN45204,0
ASN12637,ASN45474,0
ASN12637,ASN45629,0
ASN12637,ASN46235,0
ASN12637,ASN46489,0
ASN12637,ASN46786,0
ASN12637,ASN47143,0
ASN12637,ASN47172,0
ASN12637,ASN47195,0
ASN12637,ASN47217,0
ASN12637,ASN47329,0
ASN12637,ASN47344,0
ASN12637,ASN47408,0
ASN12637,ASN47463,0
ASN12637,ASN47531,0
ASN12637,ASN47541,0
ASN12637,ASN47622,0
ASN12637,ASN47748,0
ASN12637,ASN47764,0
ASN12637,ASN47836,0
ASN12637,ASN47869,0
ASN12637,ASN47872,0
ASN12637,ASN47927,0
ASN12637,ASN48056,0
ASN12637,ASN48072,0
ASN12637,ASN48166,0
ASN12637,ASN48173,0
ASN12637,ASN48200,0
ASN12637,ASN48500,0
ASN12637,ASN48519,0
ASN12637,ASN48522,0
ASN12637,ASN48526,0
ASN12637,ASN48634,0
ASN12637,ASN49218,0
ASN12637,ASN49285,0
ASN12637,ASN49289,0
ASN12637,ASN49360,0
ASN12637,ASN49367,0
ASN12637,ASN49373,0
ASN12637,ASN49375,0
ASN12637,ASN49405,0
ASN12637,ASN49463,0
ASN12637,ASN49524,0
ASN12637,ASN49544,0
ASN12637,ASN49597,0
ASN12637,ASN49605,0
ASN12637,ASN49653,0
ASN12637,ASN49685,0
ASN12637,ASN49820,0
ASN12637,ASN49981,0
ASN12637,ASN50010,0
ASN12637,ASN50056,0
ASN12637,ASN50072,0
ASN12637,ASN50245,0
ASN12637,ASN50266,0
ASN12637,ASN50295,0
ASN12637,ASN50300,0
ASN12637,ASN50304,0
ASN12637,ASN50316,0
ASN12637,ASN50324,0
ASN12637,ASN50384,0
ASN12637,ASN50473,0
ASN12637,ASN50606,0
ASN12637,ASN50618,0
ASN12637,ASN50627,-1
ASN12637,ASN50673,0
ASN12637,ASN50737,0
ASN12637,ASN50763,0
ASN12637,ASN50809,0
ASN12637,ASN50923,0
ASN12637,ASN51028,0
ASN12637,ASN51050,0
ASN12637,ASN51088,0
ASN12637,ASN51185,0
ASN12637,ASN51313,0
ASN12637,ASN51468,0
ASN12637,ASN51555,0
ASN12637,ASN51569,0
ASN12637,ASN51580,0
ASN12637,ASN51646,0
ASN12637,ASN51752,0
ASN12637,ASN51852,0
ASN12637,ASN51906,0
ASN12637,ASN51942,0
ASN12637,ASN52041,0
ASN12637,ASN52233,0
ASN12637,ASN52320,0
ASN12637,ASN52438,0
ASN12637,ASN53563,0
ASN12637,ASN54103,-1
ASN12637,ASN55195,0
ASN12637,ASN55799,0
ASN12637,ASN55819,0
ASN12637,ASN56550,0
ASN12637,ASN56583,0
ASN12637,ASN56665,0
ASN12637,ASN56704,0
ASN12637,ASN56911,0
ASN12637,ASN56953,0
ASN12637,ASN57023,0
ASN12637,ASN57043,0
ASN12637,ASN57119,0
ASN12637,ASN57463,0
ASN12637,ASN57724,0
ASN12637,ASN57866,0
ASN12637,ASN57928,0
ASN12637,ASN57976,0
ASN12637,ASN58073,0
ASN12637,ASN58138,0
ASN12637,ASN58209,0
ASN12637,ASN58291,0
ASN12637,ASN58453,0
ASN12637,ASN58511,0
ASN12637,ASN59318,0
ASN12637,ASN59560,0
ASN12637,ASN59605,0
ASN12637,ASN59699,0
ASN12637,ASN59865,0
ASN12637,ASN59940,0
ASN12637,ASN60475,0
ASN12637,ASN60501,0
ASN12637,ASN60718,0
ASN12637,ASN60764,0
ASN12637,ASN60772,0
ASN12637,ASN60798,0
ASN12637,ASN60822,0
ASN12637,ASN60868,0
ASN12637,ASN61124,0
ASN12637,ASN61266,0
ASN12637,ASN61319,0
ASN12637,ASN61349,0
ASN12637,ASN61955,0
ASN12637,ASN62041,0
ASN12637,ASN62267,0
ASN12637,ASN62325,0
ASN12637,ASN62713,0
ASN12637,ASN62715,0
ASN12637,ASN63399,0
ASN12637,ASN132876,0
ASN12637,ASN133229,0
ASN12637,ASN134390,0
ASN12637,ASN196640,0
ASN12637,ASN196752,0
ASN12637,ASN196761,0
ASN12637,ASN196844,0
ASN12637,ASN196983,0
ASN12637,ASN197000,0
ASN12637,ASN197038,0
ASN12637,ASN197075,0
ASN12637,ASN197156,0
ASN12637,ASN197219,0
ASN12637,ASN197426,0
ASN12637,ASN197440,0
ASN12637,ASN197541,0
ASN12637,ASN197589,0
ASN12637,ASN197595,0
ASN12637,ASN197692,0
ASN12637,ASN197981,0
ASN12637,ASN197985,0
ASN12637,ASN197999,0
ASN12637,ASN198435,0
ASN12637,ASN198721,0
ASN12637,ASN198792,0
ASN12637,ASN199026,0
ASN12637,ASN199139,0
ASN12637,ASN199181,0
ASN12637,ASN199275,0
ASN12637,ASN199332,0
ASN12637,ASN199524,0
ASN12637,ASN199547,0
ASN12637,ASN199636,0
ASN12637,ASN199660,0
ASN12637,ASN199670,0
ASN12637,ASN199837,0
ASN12637,ASN199939,0
ASN12637,ASN199941,0
ASN12637,ASN199947,0
ASN12637,ASN199981,0
ASN12637,ASN200020,0
ASN12637,ASN200023,0
ASN12637,ASN200043,0
ASN12637,ASN200052,0
ASN12637,ASN200108,0
ASN12637,ASN200130,0
ASN12637,ASN200794,0
ASN12637,ASN200904,0
ASN12637,ASN201058,0
ASN12637,ASN201214,0
ASN12637,ASN201518,0
ASN12637,ASN201722,0
ASN12637,ASN201791,0
ASN12637,ASN201877,0
ASN12637,ASN202018,0
ASN12637,ASN202023,0
ASN12637,ASN202032,0
ASN12637,ASN202112,0
ASN12637,ASN202189,0
ASN12637,ASN203923,0
ASN12637,ASN203959,0
ASN12637,ASN204180,-1
ASN12874,ASN39759,-1
ASN13030,ASN1273,-1
