Source,Destination,Relationship
ASN42,ASN1267,0
ASN42,ASN1273,0
ASN42,ASN3257,0
ASN42,ASN12637,0
ASN112,ASN12637,0
ASN137,ASN1267,0
ASN137,ASN12637,0
ASN174,ASN1273,0
ASN174,ASN3257,0
ASN209,ASN1273,0
ASN209,ASN3257,0
ASN237,ASN3257,0
ASN251,ASN1267,0
ASN251,ASN1273,0
ASN251,ASN12637,0
ASN260,ASN1267,0
ASN260,ASN12637,0
ASN286,ASN1273,0
ASN286,ASN3257,0
ASN293,ASN1273,0
ASN293,ASN3257,0
ASN297,ASN1273,0
ASN553,ASN1267,0
ASN559,ASN1267,0
ASN577,ASN1273,0
ASN701,ASN3257,0
ASN702,ASN1267,0
ASN702,ASN1273,0
ASN702,ASN3257,0
ASN714,ASN1267,0
ASN714,ASN12637,0
ASN812,ASN1273,0
ASN855,ASN1267,0
ASN1103,ASN1267,0
ASN1103,ASN12637,0
ASN1126,ASN1267,0
ASN1126,ASN12637,0
ASN1140,ASN12637,0
ASN1239,ASN1273,0
ASN1239,ASN3257,0
ASN1241,ASN1267,0
ASN1241,ASN12637,0
ASN1248,ASN1267,0
ASN1257,ASN1273,0
ASN1257,ASN3257,0
ASN1267,ASN1290,0
ASN1267,ASN1547,0
ASN1267,ASN1680,0
ASN1267,ASN1764,0
ASN1267,ASN1828,0
ASN1267,ASN2110,0
ASN1267,ASN2119,0
ASN1267,ASN2484,0
ASN1267,ASN2529,0
ASN1267,ASN2597,0
ASN1267,ASN2603,0
ASN1267,ASN2611,0
ASN1267,ASN2613,0
ASN1267,ASN2635,0
ASN1267,ASN2686,0
ASN1267,ASN2818,0
ASN1267,ASN2854,0
ASN1267,ASN2856,0
ASN1267,ASN2857,0
ASN1267,ASN2906,0
ASN1267,ASN3209,0
ASN1267,ASN3213,0
ASN1267,ASN3216,0
ASN1267,ASN3223,0
ASN1267,ASN3225,0
ASN1267,ASN3252,0
ASN1267,ASN3255,0
ASN1267,ASN3262,0
ASN1267,ASN3265,0
ASN1267,ASN3267,0
ASN1267,ASN3269,0
ASN1267,ASN3302,0
ASN1267,ASN3303,0
ASN1267,ASN3327,0
ASN1267,ASN3333,0
ASN1267,ASN3741,0
ASN1267,ASN3856,0
ASN1267,ASN4004,0
ASN1267,ASN4589,0
ASN1267,ASN4637,0
ASN1267,ASN4651,0
ASN1267,ASN4761,0
ASN1267,ASN4788,0
ASN1267,ASN4800,0
ASN1267,ASN5089,0
ASN1267,ASN5390,0
ASN1267,ASN5391,0
ASN1267,ASN5392,0
ASN1267,ASN5394,0
ASN1267,ASN5396,0
ASN1267,ASN5409,0
ASN1267,ASN5410,0
ASN1267,ASN5413,0
ASN1267,ASN5466,0
ASN1267,ASN5483,0
ASN1267,ASN5500,0
ASN1267,ASN5503,0
ASN1267,ASN5524,0
ASN1267,ASN5539,0
ASN1267,ASN5552,0
ASN1267,ASN5563,0
ASN1267,ASN5564,0
ASN1267,ASN5568,0
ASN1267,ASN5578,0
ASN1267,ASN5580,0
ASN1267,ASN5583,0
ASN1267,ASN5588,0
ASN1267,ASN5602,0
ASN1267,ASN5605,0
ASN1267,ASN5631,0
ASN1267,ASN5713,0
ASN1267,ASN6507,0
ASN1267,ASN6619,0
ASN1267,ASN6643,0
ASN1267,ASN6648,0
ASN1267,ASN6661,0
ASN1267,ASN6663,0
ASN1267,ASN6667,0
ASN1267,ASN6677,0
ASN1267,ASN6682,0
ASN1267,ASN6717,0
ASN1267,ASN6724,0
ASN1267,ASN6730,0
ASN1267,ASN6735,0
ASN1267,ASN6774,0
ASN1267,ASN6775,0
ASN1267,ASN6805,0
ASN1267,ASN6830,0
ASN1267,ASN6834,0
ASN1267,ASN6866,0
ASN1267,ASN6871,0
ASN1267,ASN6894,0
ASN1267,ASN6908,0
ASN1267,ASN6910,0
ASN1267,ASN6939,0
ASN1267,ASN7160,0
ASN1267,ASN7342,0
ASN1267,ASN7642,0
ASN1267,ASN7713,0
ASN1267,ASN8001,0
ASN1267,ASN8075,0
ASN1267,ASN8218,0
ASN1267,ASN8220,0
ASN1267,ASN8224,0
ASN1267,ASN8234,0
ASN1267,ASN8251,0
ASN1267,ASN8262,0
ASN1267,ASN8282,0
ASN1267,ASN8301,0
ASN1267,ASN8302,0
ASN1267,ASN8304,0
ASN1267,ASN8308,0
ASN1267,ASN8309,0
ASN1267,ASN8339,0
ASN1267,ASN8359,0
ASN1267,ASN8365,0
ASN1267,ASN8368,0
ASN1267,ASN8374,0
ASN1267,ASN8391,0
ASN1267,ASN8400,0
ASN1267,ASN8403,0
ASN1267,ASN8422,0
ASN1267,ASN8426,0
ASN1267,ASN8442,0
ASN1267,ASN8447,0
ASN1267,ASN8452,0
ASN1267,ASN8455,0
ASN1267,ASN8462,0
ASN1267,ASN8468,0
ASN1267,ASN8469,0
ASN1267,ASN8473,0
ASN1267,ASN8487,0
ASN1267,ASN8492,0
ASN1267,ASN8513,0
ASN1267,ASN8529,0
ASN1267,ASN8530,0
ASN1267,ASN8544,0
ASN1267,ASN8551,0
ASN1267,ASN8560,0
ASN1267,ASN8591,0
ASN1267,ASN8596,0
ASN1267,ASN8607,0
ASN1267,ASN8608,0
ASN1267,ASN8612,0
ASN1267,ASN8632,0
ASN1267,ASN8657,0
ASN1267,ASN8676,0
ASN1267,ASN8681,0
ASN1267,ASN8708,0
ASN1267,ASN8717,0
ASN1267,ASN8732,0
ASN1267,ASN8741,0
ASN1267,ASN8763,0
ASN1267,ASN8764,0
ASN1267,ASN8767,0
ASN1267,ASN8781,0
ASN1267,ASN8789,0
ASN1267,ASN8804,0
ASN1267,ASN8816,0
ASN1267,ASN8839,0
ASN1267,ASN8851,0
ASN1267,ASN8859,0
ASN1267,ASN8866,0
ASN1267,ASN8879,0
ASN1267,ASN8881,0
ASN1267,ASN8897,0
ASN1267,ASN8902,0
ASN1267,ASN8922,0
ASN1267,ASN8926,0
ASN1267,ASN8932,0
ASN1267,ASN8950,0
ASN1267,ASN8966,0
ASN1267,ASN8968,0
ASN1267,ASN8978,0
ASN1267,ASN9002,0
ASN1267,ASN9009,0
ASN1267,ASN9022,0
ASN1267,ASN9026,0
ASN1267,ASN9029,0
ASN1267,ASN9036,0
ASN1267,ASN9044,0
ASN1267,ASN9050,0
ASN1267,ASN9063,0
ASN1267,ASN9115,0
ASN1267,ASN9116,0
ASN1267,ASN9119,0
ASN1267,ASN9121,0
ASN1267,ASN9137,0
ASN1267,ASN9140,0
ASN1267,ASN9145,0
ASN1267,ASN9153,0
ASN1267,ASN9189,0
ASN1267,ASN9197,0
ASN1267,ASN9304,0
ASN1267,ASN9318,0
ASN1267,ASN9329,0
ASN1267,ASN9498,0
ASN1267,ASN9505,0
ASN1267,ASN9583,0
ASN1267,ASN10026,0
ASN1267,ASN10158,0
ASN1267,ASN10282,0
ASN1267,ASN10310,0
ASN1267,ASN10474,0
ASN1267,ASN11845,0
ASN1267,ASN12041,0
ASN1267,ASN12189,0
ASN1267,ASN12200,0
ASN1267,ASN12301,0
ASN1267,ASN12306,0
ASN1267,ASN12310,0
ASN1267,ASN12312,0
ASN1267,ASN12316,0
ASN1267,ASN12322,0
ASN1267,ASN12327,0
ASN1267,ASN12329,0
ASN1267,ASN12337,0
ASN1267,ASN12348,0
ASN1267,ASN12350,0
ASN1267,ASN12355,0
ASN1267,ASN12360,0
ASN1267,ASN12389,0
ASN1267,ASN12399,0
ASN1267,ASN12414,0
ASN1267,ASN12470,0
ASN1267,ASN12480,0
ASN1267,ASN12510,0
ASN1267,ASN12552,0
ASN1267,ASN12565,0
ASN1267,ASN12576,0
ASN1267,ASN12578,0
ASN1267,ASN12611,0
ASN1267,ASN12637,0
ASN1267,ASN12638,0
ASN1267,ASN12650,0
ASN1267,ASN12658,0
ASN1267,ASN12676,0
ASN1267,ASN12678,0
ASN1267,ASN12684,0
ASN1267,ASN12693,0
ASN1267,ASN12695,0
ASN1267,ASN12703,0
ASN1267,ASN12713,0
ASN1267,ASN12714,0
ASN1267,ASN12715,0
ASN1267,ASN12731,0
ASN1267,ASN12759,0
ASN1267,ASN12779,0
ASN1267,ASN12808,0
ASN1267,ASN12843,0
ASN1267,ASN12849,0
ASN1267,ASN12850,0
ASN1267,ASN12859,0
ASN1267,ASN12871,0
ASN1267,ASN12874,0
ASN1267,ASN12876,0
ASN1267,ASN12883,0
ASN1267,ASN12897,0
ASN1267,ASN12902,0
ASN1267,ASN12941,0
ASN1267,ASN12969,0
ASN1267,ASN12989,0
ASN1267,ASN12993,0
ASN1267,ASN13000,0
ASN1267,ASN13005,0
ASN1267,ASN13009,0
ASN1267,ASN13030,0
ASN1267,ASN13037,0
ASN1267,ASN13054,0
ASN1267,ASN13101,0
ASN1267,ASN13122,0
ASN1267,ASN13124,0
ASN1267,ASN13127,0
ASN1267,ASN13132,0
ASN1267,ASN13157,0
ASN1267,ASN13193,0
ASN1267,ASN13194,0
ASN1267,ASN13208,0
ASN1267,ASN13213,0
ASN1267,ASN13237,0
ASN1267,ASN13238,0
ASN1267,ASN13249,0
ASN1267,ASN13284,0
ASN1267,ASN13285,0
ASN1267,ASN13335,0
ASN1267,ASN13414,0
ASN1267,ASN13445,0
ASN1267,ASN13768,0
ASN1267,ASN14413,0
ASN1267,ASN14537,0
ASN1267,ASN14610,0
ASN1267,ASN15133,0
ASN1267,ASN15169,0
ASN1267,ASN15366,0
ASN1267,ASN15399,0
ASN1267,ASN15433,0
ASN1267,ASN15435,0
ASN1267,ASN15516,0
ASN1267,ASN15533,0
ASN1267,ASN15542,0
ASN1267,ASN15557,0
ASN1267,ASN15589,0
ASN1267,ASN15598,0
ASN1267,ASN15600,0
ASN1267,ASN15672,0
ASN1267,ASN15692,0
ASN1267,ASN15695,0
ASN1267,ASN15704,0
ASN1267,ASN15720,0
ASN1267,ASN15743,0
ASN1267,ASN15766,0
ASN1267,ASN15772,0
ASN1267,ASN15773,0
ASN1267,ASN15802,0
ASN1267,ASN15830,0
ASN1267,ASN15839,0
ASN1267,ASN15895,0
ASN1267,ASN15925,0
ASN1267,ASN15933,0
ASN1267,ASN15943,0
ASN1267,ASN15958,0
ASN1267,ASN15960,0
ASN1267,ASN15965,0
ASN1267,ASN16004,0
ASN1267,ASN16073,0
ASN1267,ASN16080,0
ASN1267,ASN16082,0
ASN1267,ASN16097,0
ASN1267,ASN16164,0
ASN1267,ASN16178,0
ASN1267,ASN16210,0
ASN1267,ASN16211,0
ASN1267,ASN16243,0
ASN1267,ASN16265,0
ASN1267,ASN16276,0
ASN1267,ASN16303,0
ASN1267,ASN16347,0
ASN1267,ASN16353,0
ASN1267,ASN16509,0
ASN1267,ASN16637,0
ASN1267,ASN17088,0
ASN1267,ASN17451,0
ASN1267,ASN17557,0
ASN1267,ASN17660,0
ASN1267,ASN17978,0
ASN1267,ASN18106,0
ASN1267,ASN18403,0
ASN1267,ASN18705,0
ASN1267,ASN19551,0
ASN1267,ASN19679,0
ASN1267,ASN20080,0
ASN1267,ASN20459,0
ASN1267,ASN20473,0
ASN1267,ASN20485,0
ASN1267,ASN20495,0
ASN1267,ASN20504,0
ASN1267,ASN20562,0
ASN1267,ASN20577,0
ASN1267,ASN20621,0
ASN1267,ASN20633,0
ASN1267,ASN20634,0
ASN1267,ASN20640,0
ASN1267,ASN20647,0
ASN1267,ASN20672,0
ASN1267,ASN20676,0
ASN1267,ASN20681,0
ASN1267,ASN20686,0
ASN1267,ASN20712,0
ASN1267,ASN20764,0
ASN1267,ASN20771,0
ASN1267,ASN20773,0
ASN1267,ASN20783,0
ASN1267,ASN20794,0
ASN1267,ASN20804,0
ASN1267,ASN20811,0
ASN1267,ASN20836,0
ASN1267,ASN20847,0
ASN1267,ASN20853,0
ASN1267,ASN20886,0
ASN1267,ASN20924,0
ASN1267,ASN20932,0
ASN1267,ASN20940,0
ASN1267,ASN20952,0
ASN1267,ASN20953,0
ASN1267,ASN20969,0
ASN1267,ASN21011,0
ASN1267,ASN21013,0
ASN1267,ASN21021,0
ASN1267,ASN21056,0
ASN1267,ASN21099,0
ASN1267,ASN21101,0
ASN1267,ASN21219,0
ASN1267,ASN21221,0
ASN1267,ASN21263,0
ASN1267,ASN21267,0
ASN1267,ASN21309,0
ASN1267,ASN21336,0
ASN1267,ASN21345,0
ASN1267,ASN21385,0
ASN1267,ASN21396,0
ASN1267,ASN21413,0
ASN1267,ASN21473,0
ASN1267,ASN21478,0
ASN1267,ASN21488,0
ASN1267,ASN21859,0
ASN1267,ASN22071,0
ASN1267,ASN22355,0
ASN1267,ASN22363,0
ASN1267,ASN22822,0
ASN1267,ASN23148,0
ASN1267,ASN23197,0
ASN1267,ASN23393,0
ASN1267,ASN23576,0
ASN1267,ASN23947,0
ASN1267,ASN24167,0
ASN1267,ASN24218,0
ASN1267,ASN24482,0
ASN1267,ASN24594,0
ASN1267,ASN24608,0
ASN1267,ASN24637,0
ASN1267,ASN24642,0
ASN1267,ASN24679,0
ASN1267,ASN24724,0
ASN1267,ASN24867,0
ASN1267,ASN24875,0
ASN1267,ASN24880,0
ASN1267,ASN24904,0
ASN1267,ASN24910,0
ASN1267,ASN24916,0
ASN1267,ASN24931,0
ASN1267,ASN24940,0
ASN1267,ASN24961,0
ASN1267,ASN24989,0
ASN1267,ASN25061,0
ASN1267,ASN25074,0
ASN1267,ASN25081,0
ASN1267,ASN25091,0
ASN1267,ASN25148,0
ASN1267,ASN25151,0
ASN1267,ASN25160,0
ASN1267,ASN25178,0
ASN1267,ASN25220,0
ASN1267,ASN25279,0
ASN1267,ASN25291,0
ASN1267,ASN25309,0
ASN1267,ASN25358,0
ASN1267,ASN25369,0
ASN1267,ASN25394,0
ASN1267,ASN25459,0
ASN1267,ASN25542,0
ASN1267,ASN25560,0
ASN1267,ASN25562,0
ASN1267,ASN25577,0
ASN1267,ASN25596,0
ASN1267,ASN25818,0
ASN1267,ASN26415,0
ASN1267,ASN26496,0
ASN1267,ASN26667,0
ASN1267,ASN27313,0
ASN1267,ASN27822,0
ASN1267,ASN28283,0
ASN1267,ASN28716,0
ASN1267,ASN28717,0
ASN1267,ASN28768,0
ASN1267,ASN28788,0
ASN1267,ASN28836,0
ASN1267,ASN28846,0
ASN1267,ASN28876,0
ASN1267,ASN28917,0
ASN1267,ASN28929,0
ASN1267,ASN29006,0
ASN1267,ASN29009,0
ASN1267,ASN29014,0
ASN1267,ASN29017,0
ASN1267,ASN29033,0
ASN1267,ASN29037,0
ASN1267,ASN29049,0
ASN1267,ASN29066,0
ASN1267,ASN29073,0
ASN1267,ASN29075,0
ASN1267,ASN29076,0
ASN1267,ASN29119,0
ASN1267,ASN29131,0
ASN1267,ASN29140,0
ASN1267,ASN29141,0
ASN1267,ASN29169,0
ASN1267,ASN29208,0
ASN1267,ASN29226,0
ASN1267,ASN29263,0
ASN1267,ASN29278,0
ASN1267,ASN29314,0
ASN1267,ASN29396,0
ASN1267,ASN29404,0
ASN1267,ASN29405,0
ASN1267,ASN29449,0
ASN1267,ASN29467,0
ASN1267,ASN29545,0
ASN1267,ASN29550,0
ASN1267,ASN29606,0
ASN1267,ASN29611,0
ASN1267,ASN29632,0
ASN1267,ASN29636,0
ASN1267,ASN29668,0
ASN1267,ASN29686,0
ASN1267,ASN29697,0
ASN1267,ASN29791,0
ASN1267,ASN29834,0
ASN1267,ASN30081,0
ASN1267,ASN30094,0
ASN1267,ASN30132,0
ASN1267,ASN30419,0
ASN1267,ASN30740,0
ASN1267,ASN30781,0
ASN1267,ASN30818,0
ASN1267,ASN30827,0
ASN1267,ASN30844,0
ASN1267,ASN30848,0
ASN1267,ASN30889,0
ASN1267,ASN30914,0
ASN1267,ASN30925,0
ASN1267,ASN30975,0
ASN1267,ASN31019,0
ASN1267,ASN31025,0
ASN1267,ASN31027,0
ASN1267,ASN31029,0
ASN1267,ASN31042,0
ASN1267,ASN31059,0
ASN1267,ASN31078,0
ASN1267,ASN31084,0
ASN1267,ASN31103,0
ASN1267,ASN31121,0
ASN1267,ASN31122,0
ASN1267,ASN31133,0
ASN1267,ASN31214,0
ASN1267,ASN31216,0
ASN1267,ASN31242,0
ASN1267,ASN31252,0
ASN1267,ASN31287,0
ASN1267,ASN31319,0
ASN1267,ASN31334,0
ASN1267,ASN31400,0
ASN1267,ASN31449,0
ASN1267,ASN31474,0
ASN1267,ASN31477,0
ASN1267,ASN31499,0
ASN1267,ASN31500,0
ASN1267,ASN31510,0
ASN1267,ASN31529,0
ASN1267,ASN31611,0
ASN1267,ASN31638,0
ASN1267,ASN31655,0
ASN1267,ASN31672,0
ASN1267,ASN31673,0
ASN1267,ASN31708,0
ASN1267,ASN31727,0
ASN1267,ASN32590,0
ASN1267,ASN32787,0
ASN1267,ASN32934,0
ASN1267,ASN33182,0
ASN1267,ASN33353,0
ASN1267,ASN33763,0
ASN1267,ASN33796,0
ASN1267,ASN33808,0
ASN1267,ASN33843,0
ASN1267,ASN33854,0
ASN1267,ASN33873,0
ASN1267,ASN33891,0
ASN1267,ASN33915,0
ASN1267,ASN33941,0
ASN1267,ASN33986,0
ASN1267,ASN34006,0
ASN1267,ASN34019,0
ASN1267,ASN34066,0
ASN1267,ASN34086,0
ASN1267,ASN34119,0
ASN1267,ASN34177,0
ASN1267,ASN34224,0
ASN1267,ASN34245,0
ASN1267,ASN34270,0
ASN1267,ASN34288,0
ASN1267,ASN34305,0
ASN1267,ASN34309,0
ASN1267,ASN34347,0
ASN1267,ASN34407,0
ASN1267,ASN34442,0
ASN1267,ASN34555,0
ASN1267,ASN34569,0
ASN1267,ASN34606,0
ASN1267,ASN34624,0
ASN1267,ASN34655,0
ASN1267,ASN34695,0
ASN1267,ASN34762,0
ASN1267,ASN34781,0
ASN1267,ASN34788,0
ASN1267,ASN34790,0
ASN1267,ASN34803,0
ASN1267,ASN34867,0
ASN1267,ASN34868,0
ASN1267,ASN34928,0
ASN1267,ASN34934,0
ASN1267,ASN34953,0
ASN1267,ASN34968,0
ASN1267,ASN35156,0
ASN1267,ASN35180,0
ASN1267,ASN35205,0
ASN1267,ASN35258,0
ASN1267,ASN35297,0
ASN1267,ASN35320,0
ASN1267,ASN35366,0
ASN1267,ASN35432,0
ASN1267,ASN35574,0
ASN1267,ASN35575,0
ASN1267,ASN35592,0
ASN1267,ASN35662,0
ASN1267,ASN35676,0
ASN1267,ASN35699,0
ASN1267,ASN35745,0
ASN1267,ASN35805,0
ASN1267,ASN35834,0
ASN1267,ASN36040,0
ASN1267,ASN36089,0
ASN1267,ASN36236,0
ASN1267,ASN36351,0
ASN1267,ASN36408,0
ASN1267,ASN36692,0
ASN1267,ASN36916,0
ASN1267,ASN36944,0
ASN1267,ASN36994,0
ASN1267,ASN37054,0
ASN1267,ASN37100,0
ASN1267,ASN37122,0
ASN1267,ASN37179,0
ASN1267,ASN37273,0
ASN1267,ASN37282,0
ASN1267,ASN37353,0
ASN1267,ASN37468,0
ASN1267,ASN37497,0
ASN1267,ASN37564,0
ASN1267,ASN37662,0
ASN1267,ASN37678,0
ASN1267,ASN38016,0
ASN1267,ASN38082,0
ASN1267,ASN38182,0
ASN1267,ASN39063,0
ASN1267,ASN39090,0
ASN1267,ASN39120,0
ASN1267,ASN39122,0
ASN1267,ASN39179,0
ASN1267,ASN39180,0
ASN1267,ASN39202,0
ASN1267,ASN39257,0
ASN1267,ASN39279,0
ASN1267,ASN39309,0
ASN1267,ASN39318,0
ASN1267,ASN39326,0
ASN1267,ASN39356,0
ASN1267,ASN39386,0
ASN1267,ASN39405,0
ASN1267,ASN39439,0
ASN1267,ASN39537,0
ASN1267,ASN39591,0
ASN1267,ASN39636,0
ASN1267,ASN39637,0
ASN1267,ASN39647,0
ASN1267,ASN39651,0
ASN1267,ASN39702,0
ASN1267,ASN39704,0
ASN1267,ASN39737,0
ASN1267,ASN39832,0
ASN1267,ASN39905,0
ASN1267,ASN39912,0
ASN1267,ASN39923,0
ASN1267,ASN39995,0
ASN1267,ASN40596,0
ASN1267,ASN40627,0
ASN1267,ASN40992,0
ASN1267,ASN41000,0
ASN1267,ASN41059,0
ASN1267,ASN41095,0
ASN1267,ASN41230,0
ASN1267,ASN41289,0
ASN1267,ASN41313,0
ASN1267,ASN41364,0
ASN1267,ASN41370,0
ASN1267,ASN41393,0
ASN1267,ASN41405,0
ASN1267,ASN41412,0
ASN1267,ASN41497,0
ASN1267,ASN41552,0
ASN1267,ASN41690,0
ASN1267,ASN41692,0
ASN1267,ASN41695,0
ASN1267,ASN41811,0
ASN1267,ASN41847,0
ASN1267,ASN41887,0
ASN1267,ASN41913,0
ASN1267,ASN42004,0
ASN1267,ASN42152,0
ASN1267,ASN42184,0
ASN1267,ASN42344,0
ASN1267,ASN42353,0
ASN1267,ASN42369,0
ASN1267,ASN42385,0
ASN1267,ASN42416,0
ASN1267,ASN42455,0
ASN1267,ASN42456,0
ASN1267,ASN42459,0
ASN1267,ASN42473,0
ASN1267,ASN42541,0
ASN1267,ASN42605,0
ASN1267,ASN42652,0
ASN1267,ASN42689,0
ASN1267,ASN42708,0
ASN1267,ASN42831,0
ASN1267,ASN42927,0
ASN1267,ASN42965,0
ASN1267,ASN42973,0
ASN1267,ASN43142,0
ASN1267,ASN43185,0
ASN1267,ASN43293,0
ASN1267,ASN43323,0
ASN1267,ASN43341,0
ASN1267,ASN43350,0
ASN1267,ASN43376,0
ASN1267,ASN43407,0
ASN1267,ASN43460,0
ASN1267,ASN43531,0
ASN1267,ASN43541,0
ASN1267,ASN43646,0
ASN1267,ASN43727,0
ASN1267,ASN43821,0
ASN1267,ASN43923,0
ASN1267,ASN43942,0
ASN1267,ASN43996,0
ASN1267,ASN44034,0
ASN1267,ASN44050,0
ASN1267,ASN44066,0
ASN1267,ASN44092,0
ASN1267,ASN44141,0
ASN1267,ASN44160,0
ASN1267,ASN44169,0
ASN1267,ASN44217,0
ASN1267,ASN44356,0
ASN1267,ASN44444,0
ASN1267,ASN44513,0
ASN1267,ASN44611,0
ASN1267,ASN44646,0
ASN1267,ASN44654,0
ASN1267,ASN44684,0
ASN1267,ASN44735,0
ASN1267,ASN44788,0
ASN1267,ASN44814,0
ASN1267,ASN44824,0
ASN1267,ASN44943,0
ASN1267,ASN44965,0
ASN1267,ASN44981,0
ASN1267,ASN45014,0
ASN1267,ASN45177,0
ASN1267,ASN45204,0
ASN1267,ASN45474,0
ASN1267,ASN45758,0
ASN1267,ASN46235,0
ASN1267,ASN46489,0
ASN1267,ASN46786,0
ASN1267,ASN47143,0
ASN1267,ASN47169,0
ASN1267,ASN47195,0
ASN1267,ASN47217,0
ASN1267,ASN47328,0
ASN1267,ASN47329,0
ASN1267,ASN47344,0
ASN1267,ASN47406,0
ASN1267,ASN47447,0
ASN1267,ASN47474,0
ASN1267,ASN47480,0
ASN1267,ASN47541,0
ASN1267,ASN47548,0
ASN1267,ASN47622,0
ASN1267,ASN47692,0
ASN1267,ASN47764,0
ASN1267,ASN47820,0
ASN1267,ASN47858,0
ASN1267,ASN47869,0
ASN1267,ASN47872,0
ASN1267,ASN47927,0
ASN1267,ASN47998,0
ASN1267,ASN48072,0
ASN1267,ASN48077,0
ASN1267,ASN48101,0
ASN1267,ASN48140,0
ASN1267,ASN48166,0
ASN1267,ASN48173,0
ASN1267,ASN48200,0
ASN1267,ASN48293,0
ASN1267,ASN48362,0
ASN1267,ASN48463,0
ASN1267,ASN48519,0
ASN1267,ASN48526,0
ASN1267,ASN48634,0
ASN1267,ASN48961,0
ASN1267,ASN49024,0
ASN1267,ASN49102,0
ASN1267,ASN49136,0
ASN1267,ASN49285,0
ASN1267,ASN49289,0
ASN1267,ASN49360,0
ASN1267,ASN49367,0
ASN1267,ASN49373,0
ASN1267,ASN49375,0
ASN1267,ASN49415,0
ASN1267,ASN49524,0
ASN1267,ASN49544,0
ASN1267,ASN49572,0
ASN1267,ASN49597,0
ASN1267,ASN49605,0
ASN1267,ASN49669,0
ASN1267,ASN49678,0
ASN1267,ASN49685,0
ASN1267,ASN49854,0
ASN1267,ASN49923,0
ASN1267,ASN49981,0
ASN1267,ASN50010,0
ASN1267,ASN50056,0
ASN1267,ASN50112,0
ASN1267,ASN50245,0
ASN1267,ASN50300,0
ASN1267,ASN50304,0
ASN1267,ASN50311,0
ASN1267,ASN50314,0
ASN1267,ASN50316,0
ASN1267,ASN50324,0
ASN1267,ASN50384,0
ASN1267,ASN50468,0
ASN1267,ASN50469,0
ASN1267,ASN50472,0
ASN1267,ASN50606,0
ASN1267,ASN50618,0
ASN1267,ASN50673,0
ASN1267,ASN50763,0
ASN1267,ASN50809,0
ASN1267,ASN50812,0
ASN1267,ASN50837,0
ASN1267,ASN50923,0
ASN1267,ASN51083,0
ASN1267,ASN51159,0
ASN1267,ASN51167,0
ASN1267,ASN51185,0
ASN1267,ASN51205,0
ASN1267,ASN51458,0
ASN1267,ASN51468,0
ASN1267,ASN51531,0
ASN1267,ASN51555,0
ASN1267,ASN51561,0
ASN1267,ASN51752,0
ASN1267,ASN51795,0
ASN1267,ASN51823,0
ASN1267,ASN51852,0
ASN1267,ASN51906,0
ASN1267,ASN51945,0
ASN1267,ASN52041,0
ASN1267,ASN52075,0
ASN1267,ASN52233,0
ASN1267,ASN52320,0
ASN1267,ASN53276,0
ASN1267,ASN53563,0
ASN1267,ASN54219,0
ASN1267,ASN55195,0
ASN1267,ASN55799,0
ASN1267,ASN55819,0
ASN1267,ASN56329,0
ASN1267,ASN56478,0
ASN1267,ASN56583,0
ASN1267,ASN56595,0
ASN1267,ASN56665,0
ASN1267,ASN56704,0
ASN1267,ASN56730,0
ASN1267,ASN56911,0
ASN1267,ASN56990,0
ASN1267,ASN57023,0
ASN1267,ASN57043,0
ASN1267,ASN57068,0
ASN1267,ASN57119,0
ASN1267,ASN57262,0
ASN1267,ASN57315,0
ASN1267,ASN57344,0
ASN1267,ASN57356,0
ASN1267,ASN57463,0
ASN1267,ASN57724,0
ASN1267,ASN57731,0
ASN1267,ASN57866,0
ASN1267,ASN57976,0
ASN1267,ASN58010,0
ASN1267,ASN58073,0
ASN1267,ASN58209,0
ASN1267,ASN58226,0
ASN1267,ASN58243,0
ASN1267,ASN58453,0
ASN1267,ASN58511,0
ASN1267,ASN59318,0
ASN1267,ASN59395,0
ASN1267,ASN59507,0
ASN1267,ASN59605,0
ASN1267,ASN59675,0
ASN1267,ASN59940,0
ASN1267,ASN60157,0
ASN1267,ASN60171,0
ASN1267,ASN60280,0
ASN1267,ASN60294,0
ASN1267,ASN60404,0
ASN1267,ASN60595,0
ASN1267,ASN60610,0
ASN1267,ASN60772,0
ASN1267,ASN60798,0
ASN1267,ASN60822,0
ASN1267,ASN60868,0
ASN1267,ASN61026,0
ASN1267,ASN61049,0
ASN1267,ASN61081,0
ASN1267,ASN61124,0
ASN1267,ASN61180,0
ASN1267,ASN61215,0
ASN1267,ASN61231,0
ASN1267,ASN61244,0
ASN1267,ASN61266,0
ASN1267,ASN61337,0
ASN1267,ASN61394,0
ASN1267,ASN61955,0
ASN1267,ASN62023,0
ASN1267,ASN62041,0
ASN1267,ASN62044,0
ASN1267,ASN62141,0
ASN1267,ASN62217,0
ASN1267,ASN62244,0
ASN1267,ASN62267,0
ASN1267,ASN62325,0
ASN1267,ASN62336,0
ASN1267,ASN62586,0
ASN1267,ASN62713,0
ASN1267,ASN62715,0
ASN1267,ASN63199,0
ASN1267,ASN63399,0
ASN1267,ASN64049,0
ASN1267,ASN132016,0
ASN1267,ASN132591,0
ASN1267,ASN132876,0
ASN1267,ASN133229,0
ASN1267,ASN134145,0
ASN1267,ASN134390,0
ASN1267,ASN196640,0
ASN1267,ASN196752,0
ASN1267,ASN196844,0
ASN1267,ASN196922,0
ASN1267,ASN197036,0
ASN1267,ASN197071,0
ASN1267,ASN197114,0
ASN1267,ASN197264,0
ASN1267,ASN197337,0
ASN1267,ASN197426,0
ASN1267,ASN197440,0
ASN1267,ASN197540,0
ASN1267,ASN197541,0
ASN1267,ASN197595,0
ASN1267,ASN197653,0
ASN1267,ASN197669,0
ASN1267,ASN197685,0
ASN1267,ASN197744,0
ASN1267,ASN197981,0
ASN1267,ASN197985,0
ASN1267,ASN198018,0
ASN1267,ASN198047,0
ASN1267,ASN198126,0
ASN1267,ASN198313,0
ASN1267,ASN198330,0
ASN1267,ASN198335,0
ASN1267,ASN198435,0
ASN1267,ASN198554,0
ASN1267,ASN198719,0
ASN1267,ASN198721,0
ASN1267,ASN198726,0
ASN1267,ASN198736,0
ASN1267,ASN198781,0
ASN1267,ASN198792,0
ASN1267,ASN198831,0
ASN1267,ASN198930,0
ASN1267,ASN199125,0
ASN1267,ASN199204,0
ASN1267,ASN199335,0
ASN1267,ASN199422,0
ASN1267,ASN199487,0
ASN1267,ASN199547,0
ASN1267,ASN199565,0
ASN1267,ASN199568,0
ASN1267,ASN199659,0
ASN1267,ASN199660,0
ASN1267,ASN199790,0
ASN1267,ASN199813,0
ASN1267,ASN199837,0
ASN1267,ASN199841,0
ASN1267,ASN199903,0
ASN1267,ASN199939,0
ASN1267,ASN200020,0
ASN1267,ASN200023,0
ASN1267,ASN200124,0
ASN1267,ASN200130,0
ASN1267,ASN200700,0
ASN1267,ASN201053,0
ASN1267,ASN201229,0
ASN1267,ASN201518,0
ASN1267,ASN201877,0
ASN1267,ASN202018,0
ASN1267,ASN202032,0
ASN1267,ASN202109,0
ASN1267,ASN202112,0
ASN1267,ASN202119,0
ASN1267,ASN202178,0
ASN1267,ASN203507,0
ASN1267,ASN203724,0
ASN1267,ASN203923,0
ASN1267,ASN203959,0
ASN1267,ASN204264,0
ASN1267,ASN327825,0
ASN1273,ASN1668,0
ASN1273,ASN2497,0
ASN1273,ASN2516,0
ASN1273,ASN2686,0
ASN1273,ASN2906,0
ASN1273,ASN2914,0
ASN1273,ASN3257,0
ASN1273,ASN3292,0
ASN1273,ASN3303,0
ASN1273,ASN3320,0
ASN1273,ASN3549,0
ASN1273,ASN3561,0
ASN1273,ASN4134,0
ASN1273,ASN4181,0
ASN1273,ASN4637,0
ASN1273,ASN4739,0
ASN1273,ASN4766,0
ASN1273,ASN4837,0
ASN1273,ASN5400,0
ASN1273,ASN5413,0
ASN1273,ASN5511,0
ASN1273,ASN5580,0
ASN1273,ASN5769,0
ASN1273,ASN6079,0
ASN1273,ASN6128,0
ASN1273,ASN6327,0
ASN1273,ASN6407,0
ASN1273,ASN6453,0
ASN1273,ASN6461,0
ASN1273,ASN6762,0
ASN1273,ASN6830,0
ASN1273,ASN6939,0
ASN1273,ASN7342,0
ASN1273,ASN7473,0
ASN1273,ASN7575,0
ASN1273,ASN7843,0
ASN1273,ASN7922,0
ASN1273,ASN8001,0
ASN1273,ASN8002,0
ASN1273,ASN8075,0
ASN1273,ASN8218,0
ASN1273,ASN8220,0
ASN1273,ASN8283,0
ASN1273,ASN8473,0
ASN1273,ASN8903,0
ASN1273,ASN8928,0
ASN1273,ASN9002,0
ASN1273,ASN9505,0
ASN1273,ASN10026,0
ASN1273,ASN10310,0
ASN1273,ASN11403,0
ASN1273,ASN11911,0
ASN1273,ASN12124,0
ASN1273,ASN12956,0
ASN1273,ASN12989,0
ASN1273,ASN13684,0
ASN1273,ASN14492,0
ASN1273,ASN14907,0
ASN1273,ASN15133,0
ASN1273,ASN15149,0
ASN1273,ASN15412,0
ASN1273,ASN16509,0
ASN1273,ASN18816,0
ASN1273,ASN19151,0
ASN1273,ASN19318,0
ASN1273,ASN20485,0
ASN1273,ASN21949,0
ASN1273,ASN22773,0
ASN1273,ASN22822,0
ASN1273,ASN23148,0
ASN1273,ASN24507,0
ASN1273,ASN26282,0
ASN1273,ASN27257,0
ASN1273,ASN30132,0
ASN1273,ASN30781,0
ASN1273,ASN31459,0
ASN1273,ASN32787,0
ASN1273,ASN32934,0
ASN1273,ASN35788,0
ASN1273,ASN36351,0
ASN1273,ASN41095,0
ASN1273,ASN44444,0
ASN1273,ASN54219,0
ASN1273,ASN55497,0
ASN1273,ASN55562,0
ASN1299,ASN3257,0
ASN1547,ASN12637,0
ASN1680,ASN12637,0
ASN1764,ASN12637,0
ASN1835,ASN3257,0
ASN2484,ASN12637,0
ASN2497,ASN3257,0
ASN2516,ASN3257,0
ASN2597,ASN12637,0
ASN2611,ASN12637,0
ASN2635,ASN12637,0
ASN2686,ASN3257,0
ASN2828,ASN3257,0
ASN2852,ASN3257,0
ASN2852,ASN12637,0
ASN2854,ASN12637,0
ASN2906,ASN12637,0
ASN2914,ASN3257,0
ASN3225,ASN12637,0
ASN3252,ASN12637,0
ASN3257,ASN3292,0
ASN3257,ASN3303,0
ASN3257,ASN3320,0
ASN3257,ASN3356,0
ASN3257,ASN3491,0
ASN3257,ASN3549,0
ASN3257,ASN3561,0
ASN3257,ASN4134,0
ASN3257,ASN4323,0
ASN3257,ASN4637,0
ASN3257,ASN4739,0
ASN3257,ASN4766,0
ASN3257,ASN4837,0
ASN3257,ASN4844,0
ASN3257,ASN5400,0
ASN3257,ASN5459,0
ASN3257,ASN5511,0
ASN3257,ASN6079,0
ASN3257,ASN6453,0
ASN3257,ASN6461,0
ASN3257,ASN6762,0
ASN3257,ASN6830,0
ASN3257,ASN6939,0
ASN3257,ASN7018,0
ASN3257,ASN7342,0
ASN3257,ASN7922,0
ASN3257,ASN8220,0
ASN3257,ASN12284,0
ASN3257,ASN12956,0
ASN3257,ASN13030,0
ASN3257,ASN15169,0
ASN3257,ASN15685,0
ASN3257,ASN17547,0
ASN3257,ASN17676,0
ASN3257,ASN20485,0
ASN3257,ASN25152,0
ASN3257,ASN30132,0
ASN3257,ASN31263,0
ASN3257,ASN36351,0
ASN3257,ASN38861,0
ASN3257,ASN41095,0
ASN3257,ASN43531,0
ASN3262,ASN12637,0
ASN3267,ASN12637,0
ASN3269,ASN12637,0
ASN3302,ASN12637,0
ASN3327,ASN12637,0
ASN3333,ASN12637,0
ASN3856,ASN12637,0
ASN4589,ASN12637,0
ASN4637,ASN12637,0
ASN4651,ASN12637,0
ASN4761,ASN12637,0
ASN5390,ASN12637,0
ASN5392,ASN12637,0
ASN5394,ASN12637,0
ASN5396,ASN12637,0
ASN5397,ASN12637,0
ASN5410,ASN12637,0
ASN5413,ASN12637,0
ASN5466,ASN12637,0
ASN5524,ASN12637,0
ASN5563,ASN12637,0
ASN5568,ASN12637,0
ASN5583,ASN12637,0
ASN5588,ASN12637,0
ASN5602,ASN12637,0
ASN5713,ASN12637,0
ASN6507,ASN12637,0
ASN6661,ASN12637,0
ASN6663,ASN12637,0
ASN6677,ASN12637,0
ASN6717,ASN12637,0
ASN6724,ASN12637,0
ASN6730,ASN12637,0
ASN6734,ASN12637,0
ASN6735,ASN12637,0
ASN6777,ASN12637,0
ASN6834,ASN12637,0
ASN6853,ASN12637,0
ASN6866,ASN12637,0
ASN6898,ASN12637,0
ASN6939,ASN12637,0
ASN7160,ASN12637,0
ASN7342,ASN12637,0
ASN7713,ASN12637,0
ASN8075,ASN12637,0
ASN8218,ASN12637,0
ASN8220,ASN12637,0
ASN8224,ASN12637,0
ASN8234,ASN12637,0
ASN8251,ASN12637,0
ASN8262,ASN12637,0
ASN8265,ASN12637,0
ASN8282,ASN12637,0
ASN8304,ASN12637,0
ASN8309,ASN12637,0
ASN8315,ASN12637,0
ASN8365,ASN12637,0
ASN8368,ASN12637,0
ASN8400,ASN12637,0
ASN8422,ASN12637,0
ASN8426,ASN12637,0
ASN8462,ASN12637,0
ASN8468,ASN12637,0
ASN8473,ASN12637,0
ASN8487,ASN12637,0
ASN8492,ASN12637,0
ASN8529,ASN12637,0
ASN8551,ASN12637,0
ASN8560,ASN12637,0
ASN8587,ASN12637,0
ASN8608,ASN12637,0
ASN8612,ASN12637,0
ASN8613,ASN12637,0
ASN8632,ASN12637,0
ASN8648,ASN12637,0
ASN8660,ASN12637,0
ASN8717,ASN12637,0
ASN8732,ASN12637,0
ASN8763,ASN12637,0
ASN8764,ASN12637,0
ASN8767,ASN12637,0
ASN8816,ASN12637,0
ASN8839,ASN12637,0
ASN8866,ASN12637,0
ASN8881,ASN12637,0
ASN8922,ASN12637,0
ASN8926,ASN12637,0
ASN8932,ASN12637,0
ASN8966,ASN12637,0
ASN8968,ASN12637,0
ASN8978,ASN12637,0
ASN9002,ASN12637,0
ASN9009,ASN12637,0
ASN9026,ASN12637,0
ASN9029,ASN12637,0
ASN9036,ASN12637,0
ASN9050,ASN12637,0
ASN9104,ASN12637,0
ASN9115,ASN12637,0
ASN9137,ASN12637,0
ASN9145,ASN12637,0
ASN9150,ASN12637,0
ASN9304,ASN12637,0
ASN9318,ASN12637,0
ASN9329,ASN12637,0
ASN9498,ASN12637,0
ASN9583,ASN12637,0
ASN10026,ASN12637,0
ASN10310,ASN12637,0
ASN12041,ASN12637,0
ASN12189,ASN12637,0
ASN12301,ASN12637,0
ASN12306,ASN12637,0
ASN12315,ASN12637,0
ASN12329,ASN12637,0
ASN12355,ASN12637,0
ASN12414,ASN12637,0
ASN12496,ASN12637,0
ASN12552,ASN12637,0
ASN12578,ASN12637,0
ASN12637,ASN12650,0
ASN12637,ASN12713,0
ASN12637,ASN12714,0
ASN12637,ASN12731,0
ASN12637,ASN12732,0
ASN12637,ASN12759,0
ASN12637,ASN12779,0
ASN12637,ASN12835,0
ASN12637,ASN12849,0
ASN12637,ASN12850,0
ASN12637,ASN12859,0
ASN12637,ASN12871,0
ASN12637,ASN12874,0
ASN12637,ASN12876,0
ASN12637,ASN12883,0
ASN12637,ASN12902,0
ASN12637,ASN12989,0
ASN12637,ASN12993,0
ASN12637,ASN13002,0
ASN12637,ASN13004,0
ASN12637,ASN13030,0
ASN12637,ASN13097,0
ASN12637,ASN13101,0
ASN12637,ASN13122,0
ASN12637,ASN13193,0
ASN12637,ASN13213,0
ASN12637,ASN13237,0
ASN12637,ASN13238,0
ASN12637,ASN13285,0
ASN12637,ASN13335,0
ASN12637,ASN13414,0
ASN12637,ASN13445,0
ASN12637,ASN14537,0
ASN12637,ASN15133,0
ASN12637,ASN15169,0
ASN12637,ASN15399,0
ASN12637,ASN15426,0
ASN12637,ASN15433,0
ASN12637,ASN15435,0
ASN12637,ASN15447,0
ASN12637,ASN15516,0
ASN12637,ASN15542,0
ASN12637,ASN15547,0
ASN12637,ASN15589,0
ASN12637,ASN15605,0
ASN12637,ASN15691,0
ASN12637,ASN15703,0
ASN12637,ASN15704,0
ASN12637,ASN15720,0
ASN12637,ASN15763,0
ASN12637,ASN15772,0
ASN12637,ASN15802,0
ASN12637,ASN15830,0
ASN12637,ASN15879,0
ASN12637,ASN15958,0
ASN12637,ASN15966,0
ASN12637,ASN16004,0
ASN12637,ASN16080,0
ASN12637,ASN16097,0
ASN12637,ASN16211,0
ASN12637,ASN16243,0
ASN12637,ASN16265,0
ASN12637,ASN16276,0
ASN12637,ASN16347,0
ASN12637,ASN16509,0
ASN12637,ASN16637,0
ASN12637,ASN16839,0
ASN12637,ASN17451,0
ASN12637,ASN17557,0
ASN12637,ASN18106,0
ASN12637,ASN18403,0
ASN12637,ASN18705,0
ASN12637,ASN19551,0
ASN12637,ASN20080,0
ASN12637,ASN20485,0
ASN12637,ASN20495,0
ASN12637,ASN20504,0
ASN12637,ASN20559,0
ASN12637,ASN20562,0
ASN12637,ASN20621,0
ASN12637,ASN20634,0
ASN12637,ASN20764,0
ASN12637,ASN20766,0
ASN12637,ASN20804,0
ASN12637,ASN20811,0
ASN12637,ASN20836,0
ASN12637,ASN20847,0
ASN12637,ASN20857,0
ASN12637,ASN20886,0
ASN12637,ASN20912,0
ASN12637,ASN20924,0
ASN12637,ASN20932,0
ASN12637,ASN20940,0
ASN12637,ASN20953,0
ASN12637,ASN20969,0
ASN12637,ASN21011,0
ASN12637,ASN21056,0
ASN12637,ASN21176,0
ASN12637,ASN21219,0
ASN12637,ASN21221,0
ASN12637,ASN21263,0
ASN12637,ASN21309,0
ASN12637,ASN21339,0
ASN12637,ASN21345,0
ASN12637,ASN21478,0
ASN12637,ASN22363,0
ASN12637,ASN23148,0
ASN12637,ASN23393,0
ASN12637,ASN23576,0
ASN12637,ASN23947,0
ASN12637,ASN24167,0
ASN12637,ASN24482,0
ASN12637,ASN24586,0
ASN12637,ASN24608,0
ASN12637,ASN24637,0
ASN12637,ASN24642,0
ASN12637,ASN24724,0
ASN12637,ASN24730,0
ASN12637,ASN24796,0
ASN12637,ASN24875,0
ASN12637,ASN24880,0
ASN12637,ASN24904,0
ASN12637,ASN24940,0
ASN12637,ASN24961,0
ASN12637,ASN24994,0
ASN12637,ASN25074,0
ASN12637,ASN25091,0
ASN12637,ASN25151,0
ASN12637,ASN25152,0
ASN12637,ASN25182,0
ASN12637,ASN25220,0
ASN12637,ASN25291,0
ASN12637,ASN25542,0
ASN12637,ASN25596,0
ASN12637,ASN26415,0
ASN12637,ASN26496,0
ASN12637,ASN26667,0
ASN12637,ASN27313,0
ASN12637,ASN28283,0
ASN12637,ASN28685,0
ASN12637,ASN28716,0
ASN12637,ASN28788,0
ASN12637,ASN28801,0
ASN12637,ASN28836,0
ASN12637,ASN28876,0
ASN12637,ASN28917,0
ASN12637,ASN28929,0
ASN12637,ASN28941,0
ASN12637,ASN28999,0
ASN12637,ASN29014,0
ASN12637,ASN29017,0
ASN12637,ASN29073,0
ASN12637,ASN29075,0
ASN12637,ASN29119,0
ASN12637,ASN29140,0
ASN12637,ASN29141,0
ASN12637,ASN29169,0
ASN12637,ASN29208,0
ASN12637,ASN29263,0
ASN12637,ASN29278,0
ASN12637,ASN29314,0
ASN12637,ASN29396,0
ASN12637,ASN29405,0
ASN12637,ASN29419,0
ASN12637,ASN29449,0
ASN12637,ASN29462,0
ASN12637,ASN29587,0
ASN12637,ASN29697,0
ASN12637,ASN29791,0
ASN12637,ASN30094,0
ASN12637,ASN30132,0
ASN12637,ASN30419,0
ASN12637,ASN30740,0
ASN12637,ASN30818,0
ASN12637,ASN30844,0
ASN12637,ASN30848,0
ASN12637,ASN30889,0
ASN12637,ASN30925,0
ASN12637,ASN30961,0
ASN12637,ASN31019,0
ASN12637,ASN31027,0
ASN12637,ASN31034,0
ASN12637,ASN31042,0
ASN12637,ASN31078,0
ASN12637,ASN31115,0
ASN12637,ASN31122,0
ASN12637,ASN31133,0
ASN12637,ASN31216,0
ASN12637,ASN31222,0
ASN12637,ASN31287,0
ASN12637,ASN31319,0
ASN12637,ASN31383,0
ASN12637,ASN31424,0
ASN12637,ASN31449,0
ASN12637,ASN31477,0
ASN12637,ASN31499,0
ASN12637,ASN31500,0
ASN12637,ASN31529,0
ASN12637,ASN31595,0
ASN12637,ASN31611,0
ASN12637,ASN31638,0
ASN12637,ASN31673,0
ASN12637,ASN32338,0
ASN12637,ASN32590,0
ASN12637,ASN32934,0
ASN12637,ASN33796,0
ASN12637,ASN33873,0
ASN12637,ASN33915,0
ASN12637,ASN33986,0
ASN12637,ASN34019,0
ASN12637,ASN34106,0
ASN12637,ASN34141,0
ASN12637,ASN34177,0
ASN12637,ASN34224,0
ASN12637,ASN34288,0
ASN12637,ASN34305,0
ASN12637,ASN34419,0
ASN12637,ASN34442,0
ASN12637,ASN34569,0
ASN12637,ASN34655,0
ASN12637,ASN34695,0
ASN12637,ASN34756,0
ASN12637,ASN34758,0
ASN12637,ASN34762,0
ASN12637,ASN34781,0
ASN12637,ASN34863,0
ASN12637,ASN34868,0
ASN12637,ASN34968,0
ASN12637,ASN35156,0
ASN12637,ASN35193,0
ASN12637,ASN35320,0
ASN12637,ASN35366,0
ASN12637,ASN35574,0
ASN12637,ASN35592,0
ASN12637,ASN35612,0
ASN12637,ASN35662,0
ASN12637,ASN35699,0
ASN12637,ASN35745,0
ASN12637,ASN36040,0
ASN12637,ASN36089,0
ASN12637,ASN36236,0
ASN12637,ASN36351,0
ASN12637,ASN36408,0
ASN12637,ASN36944,0
ASN12637,ASN37100,0
ASN12637,ASN37187,0
ASN12637,ASN37282,0
ASN12637,ASN37662,0
ASN12637,ASN38082,0
ASN12637,ASN38880,0
ASN12637,ASN38915,0
ASN12637,ASN39063,0
ASN12637,ASN39120,0
ASN12637,ASN39122,0
ASN12637,ASN39180,0
ASN12637,ASN39309,0
ASN12637,ASN39318,0
ASN12637,ASN39386,0
ASN12637,ASN39537,0
ASN12637,ASN39591,0
ASN12637,ASN39637,0
ASN12637,ASN39647,0
ASN12637,ASN39651,0
ASN12637,ASN39704,0
ASN12637,ASN39729,0
ASN12637,ASN39737,0
ASN12637,ASN39792,0
ASN12637,ASN39832,0
ASN12637,ASN39912,0
ASN12637,ASN39923,0
ASN12637,ASN39995,0
ASN12637,ASN40627,0
ASN12637,ASN40999,0
ASN12637,ASN41059,0
ASN12637,ASN41090,0
ASN12637,ASN41095,0
ASN12637,ASN41313,0
ASN12637,ASN41393,0
ASN12637,ASN41497,0
ASN12637,ASN41552,0
ASN12637,ASN41690,0
ASN12637,ASN41692,0
ASN12637,ASN41887,0
ASN12637,ASN41913,0
ASN12637,ASN42093,0
ASN12637,ASN42158,0
ASN12637,ASN42184,0
ASN12637,ASN42463,0
ASN12637,ASN42541,0
ASN12637,ASN42707,0
ASN12637,ASN42708,0
ASN12637,ASN42794,0
ASN12637,ASN42909,0
ASN12637,ASN42927,0
ASN12637,ASN42949,0
ASN12637,ASN43061,0
ASN12637,ASN43142,0
ASN12637,ASN43190,0
ASN12637,ASN43293,0
ASN12637,ASN43350,0
ASN12637,ASN43366,0
ASN12637,ASN43376,0
ASN12637,ASN43404,0
ASN12637,ASN43437,0
ASN12637,ASN43531,0
ASN12637,ASN43821,0
ASN12637,ASN43942,0
ASN12637,ASN43996,0
ASN12637,ASN44020,0
ASN12637,ASN44034,0
ASN12637,ASN44053,0
ASN12637,ASN44066,0
ASN12637,ASN44141,0
ASN12637,ASN44160,0
ASN12637,ASN44431,0
ASN12637,ASN44444,0
ASN12637,ASN44513,0
ASN12637,ASN44608,0
ASN12637,ASN44654,0
ASN12637,ASN44735,0
ASN12637,ASN44788,0
ASN12637,ASN44814,0
ASN12637,ASN44981,0
ASN12637,ASN45204,0
ASN12637,ASN45474,0
ASN12637,ASN45629,0
ASN12637,ASN46235,0
ASN12637,ASN46489,0
ASN12637,ASN46786,0
ASN12637,ASN47143,0
ASN12637,ASN47172,0
ASN12637,ASN47195,0
ASN12637,ASN47217,0
ASN12637,ASN47329,0
ASN12637,ASN47344,0
ASN12637,ASN47408,0
ASN12637,ASN47463,0
ASN12637,ASN47531,0
ASN12637,ASN47541,0
ASN12637,ASN47622,0
ASN12637,ASN47748,0
ASN12637,ASN47764,0
ASN12637,ASN47836,0
ASN12637,ASN47869,0
ASN12637,ASN47872,0
ASN12637,ASN47927,0
ASN12637,ASN48056,0
ASN12637,ASN48072,0
ASN12637,ASN48166,0
ASN12637,ASN48173,0
ASN12637,ASN48200,0
ASN12637,ASN48500,0
ASN12637,ASN48519,0
ASN12637,ASN48522,0
ASN12637,ASN48526,0
ASN12637,ASN48634,0
ASN12637,ASN49218,0
ASN12637,ASN49285,0
ASN12637,ASN49289,0
ASN12637,ASN49360,0
ASN12637,ASN49367,0
ASN12637,ASN49373,0
ASN12637,ASN49375,0
ASN12637,ASN49405,0
ASN12637,ASN49463,0
ASN12637,ASN49524,0
ASN12637,ASN49544,0
ASN12637,ASN49597,0
ASN12637,ASN49605,0
ASN12637,ASN49653,0
ASN12637,ASN49685,0
ASN12637,ASN49820,0
ASN12637,ASN49981,0
ASN12637,ASN50010,0
ASN12637,ASN50056,0
ASN12637,ASN50072,0
ASN12637,ASN50245,0
ASN12637,ASN50266,0
ASN12637,ASN50295,0
ASN12637,ASN50300,0
ASN12637,ASN50304,0
ASN12637,ASN50316,0
ASN12637,ASN50324,0
ASN12637,ASN50384,0
ASN12637,ASN50473,0
ASN12637,ASN50606,0
ASN12637,ASN50618,0
ASN12637,ASN50673,0
ASN12637,ASN50737,0
ASN12637,ASN50763,0
ASN12637,ASN50809,0
ASN12637,ASN50923,0
ASN12637,ASN51028,0
ASN12637,ASN51050,0
ASN12637,ASN51088,0
ASN12637,ASN51185,0
ASN12637,ASN51313,0
ASN12637,ASN51468,0
ASN12637,ASN51555,0
ASN12637,ASN51569,0
ASN12637,ASN51580,0
ASN12637,ASN51646,0
ASN12637,ASN51752,0
ASN12637,ASN51852,0
ASN12637,ASN51906,0
ASN12637,ASN51942,0
ASN12637,ASN52041,0
ASN12637,ASN52233,0
ASN12637,ASN52320,0
ASN12637,ASN52438,0
ASN12637,ASN53563,0
ASN12637,ASN55195,0
ASN12637,ASN55799,0
ASN12637,ASN55819,0
ASN12637,ASN56550,0
ASN12637,ASN56583,0
ASN12637,ASN56665,0
ASN12637,ASN56704,0
ASN12637,ASN56911,0
ASN12637,ASN56953,0
ASN12637,ASN57023,0
ASN12637,ASN57043,0
ASN12637,ASN57119,0
ASN12637,ASN57463,0
ASN12637,ASN57724,0
ASN12637,ASN57866,0
ASN12637,ASN57928,0
ASN12637,ASN57976,0
ASN12637,ASN58073,0
ASN12637,ASN58138,0
ASN12637,ASN58209,0
ASN12637,ASN58291,0
ASN12637,ASN58453,0
ASN12637,ASN58511,0
ASN12637,ASN59318,0
ASN12637,ASN59560,0
ASN12637,ASN59605,0
ASN12637,ASN59699,0
ASN12637,ASN59865,0
ASN12637,ASN59940,0
ASN12637,ASN60475,0
ASN12637,ASN60501,0
ASN12637,ASN60718,0
ASN12637,ASN60764,0
ASN12637,ASN60772,0
ASN12637,ASN60798,0
ASN12637,ASN60822,0
ASN12637,ASN60868,0
ASN12637,ASN61124,0
ASN12637,ASN61266,0
ASN12637,ASN61319,0
ASN12637,ASN61349,0
ASN12637,ASN61955,0
ASN12637,ASN62041,0
ASN12637,ASN62267,0
ASN12637,ASN62325,0
ASN12637,ASN62713,0
ASN12637,ASN62715,0
ASN12637,ASN63399,0
ASN12637,ASN132876,0
ASN12637,ASN133229,0
ASN12637,ASN134390,0
ASN12637,ASN196640,0
ASN12637,ASN196752,0
ASN12637,ASN196761,0
ASN12637,ASN196844,0
ASN12637,ASN196983,0
ASN12637,ASN197000,0
ASN12637,ASN197038,0
ASN12637,ASN197075,0
ASN12637,ASN197156,0
ASN12637,ASN197219,0
ASN12637,ASN197426,0
ASN12637,ASN197440,0
ASN12637,ASN197541,0
ASN12637,ASN197589,0
ASN12637,ASN197595,0
ASN12637,ASN197692,0
ASN12637,ASN197981,0
ASN12637,ASN197985,0
ASN12637,ASN197999,0
ASN12637,ASN198435,0
ASN12637,ASN198721,0
ASN12637,ASN198792,0
ASN12637,ASN199026,0
ASN12637,ASN199139,0
ASN12637,ASN199181,0
ASN12637,ASN199275,0
ASN12637,ASN199332,0
ASN12637,ASN199524,0
ASN12637,ASN199547,0
ASN12637,ASN199636,0
ASN12637,ASN199660,0
ASN12637,ASN199670,0
ASN12637,ASN199837,0
ASN12637,ASN199939,0
ASN12637,ASN199941,0
ASN12637,ASN199947,0
ASN12637,ASN199981,0
ASN12637,ASN200020,0
ASN12637,ASN200023,0
ASN12637,ASN200043,0
ASN12637,ASN200052,0
ASN12637,ASN200108,0
ASN12637,ASN200130,0
ASN12637,ASN200794,0
ASN12637,ASN200904,0
ASN12637,ASN201058,0
ASN12637,ASN201214,0
ASN12637,ASN201518,0
ASN12637,ASN201722,0
ASN12637,ASN201791,0
ASN12637,ASN201877,0
ASN12637,ASN202018,0
ASN12637,ASN202023,0
ASN12637,ASN202032,0
ASN12637,ASN202112,0
ASN12637,ASN202189,0
ASN12637,ASN203923,0
ASN12637,ASN203959,0
